Id,Label
1,9
2,9
3,11
4,32
5,8
6,12
7,5
8,7
9,6
10,14
11,8
12,9
13,6
14,9
15,6
16,63
17,6
18,2
19,6
20,9
21,8
22,9
23,9
24,4
25,9
26,6
27,0
28,4
29,9
30,6
31,6
32,9
33,12
34,6
35,4
36,8
37,8
38,8
39,6
40,12
41,8
42,16
43,9
44,6
45,0
46,24
47,10
48,15
49,7
50,0
51,8
52,9
53,12
54,14
55,4
56,5
57,4
58,6
59,24
60,6
61,9
62,9
63,24
64,56
65,8
66,32
67,4
68,16
69,6
70,9
71,15
72,0
73,9
74,6
75,4
76,8
77,5
78,0
79,2
80,12
81,5
82,5
83,0
84,45
85,9
86,2
87,4
88,6
89,12
90,5
91,9
92,6
93,7
94,10
95,5
96,5
97,5
98,15
99,6
100,8
101,8
102,9
103,6
104,9
105,6
106,6
107,8
108,6
109,24
110,9
111,8
112,6
113,9
114,8
115,6
116,9
117,9
118,12
119,56
120,7
121,8
122,6
123,4
124,5
125,5
126,0
127,14
128,18
129,24
130,6
131,0
132,6
133,6
134,12
135,6
136,6
137,9
138,6
139,12
140,0
141,12
142,13
143,6
144,12
145,9
146,8
147,8
148,5
149,14
150,9
151,6
152,9
153,0
154,12
155,6
156,36
157,9
158,2
159,7
160,3
161,3
162,0
163,14
164,5
165,9
166,15
167,16
168,11
169,3
170,8
171,8
172,18
173,9
174,16
175,8
176,14
177,6
178,9
179,5
180,9
181,6
182,56
183,6
184,7
185,9
186,6
187,32
188,0
189,14
190,8
191,6
192,12
193,6
194,6
195,5
196,6
197,9
198,4
199,8
200,0
201,7
202,6
203,7
204,9
205,14
206,9
207,12
208,24
209,8
210,0
211,6
212,9
213,6
214,6
215,9
216,2
217,0
218,16
219,1
220,8
221,14
222,6
223,9
224,9
225,6
226,5
227,9
228,2
229,12
230,8
231,14
232,6
233,6
234,9
235,10
236,6
237,12
238,6
239,7
240,3
241,6
242,6
243,6
244,8
245,6
246,0
247,8
248,3
249,9
250,0
251,5
252,12
253,16
254,7
255,12
256,11
257,6
258,6
259,3
260,6
261,4
262,16
263,0
264,6
265,6
266,32
267,3
268,9
269,18
270,7
271,0
272,6
273,8
274,6
275,8
276,5
277,5
278,9
279,6
280,16
281,15
282,8
283,6
284,8
285,6
286,10
287,2
288,6
289,8
290,6
291,0
292,12
293,7
294,4
295,9
296,10
297,9
298,18
299,4
300,0
301,12
302,32
303,12
304,8
305,4
306,6
307,12
308,9
309,6
310,5
311,6
312,6
313,18
314,9
315,6
316,9
317,6
318,6
319,9
320,10
321,0
322,4
323,1
324,0
325,9
326,7
327,4
328,6
329,8
330,32
331,2
332,9
333,16
334,0
335,8
336,5
337,12
338,9
339,12
340,2
341,6
342,6
343,13
344,10
345,7
346,18
347,6
348,6
349,6
350,5
351,4
352,9
353,8
354,6
355,8
356,4
357,7
358,15
359,6
360,12
361,12
362,3
363,4
364,8
365,14
366,8
367,0
368,16
369,5
370,0
371,12
372,12
373,10
374,6
375,12
376,32
377,6
378,4
379,10
380,15
381,2
382,9
383,9
384,5
385,1
386,4
387,7
388,6
389,8
390,2
391,0
392,8
393,6
394,5
395,6
396,8
397,5
398,6
399,8
400,6
401,12
402,8
403,0
404,9
405,10
406,5
407,0
408,8
409,9
410,0
411,12
412,7
413,0
414,8
415,4
416,5
417,0
418,9
419,7
420,4
421,7
422,8
423,6
424,1
425,9
426,0
427,9
428,8
429,6
430,3
431,16
432,9
433,9
434,7
435,8
436,4
437,9
438,6
439,0
440,9
441,0
442,6
443,6
444,63
445,6
446,0
447,6
448,13
449,9
450,0
451,6
452,18
453,63
454,5
455,8
456,9
457,16
458,6
459,6
460,5
461,6
462,8
463,4
464,9
465,0
466,9
467,9
468,0
469,0
470,9
471,16
472,6
473,7
474,8
475,4
476,14
477,9
478,9
479,12
480,4
481,32
482,0
483,0
484,9
485,18
486,9
487,8
488,12
489,11
490,14
491,18
492,16
493,2
494,13
495,9
496,6
497,5
498,32
499,6
500,6
501,8
502,8
503,8
504,7
505,5
506,4
507,6
508,3
509,9
510,4
511,18
512,6
513,9
514,9
515,9
516,4
517,14
518,36
519,6
520,13
521,8
522,36
523,6
524,12
525,48
526,9
527,6
528,6
529,7
530,5
531,13
532,16
533,0
534,6
535,0
536,11
537,4
538,9
539,8
540,4
541,6
542,24
543,6
544,6
545,12
546,24
547,6
548,5
549,12
550,6
551,11
552,9
553,17
554,9
555,10
556,7
557,0
558,0
559,0
560,8
561,8
562,6
563,12
564,4
565,6
566,6
567,7
568,6
569,6
570,0
571,8
572,2
573,16
574,8
575,7
576,12
577,9
578,4
579,6
580,0
581,6
582,9
583,0
584,6
585,2
586,9
587,8
588,6
589,9
590,9
591,0
592,2
593,6
594,8
595,6
596,4
597,6
598,6
599,0
600,9
601,3
602,9
603,45
604,9
605,5
606,6
607,18
608,24
609,0
610,8
611,5
612,18
613,4
614,7
615,6
616,12
617,9
618,8
619,12
620,0
621,9
622,0
623,2
624,13
625,6
626,6
627,6
628,9
629,12
630,2
631,0
632,3
633,12
634,6
635,0
636,9
637,32
638,9
639,6
640,0
641,8
642,20
643,8
644,6
645,0
646,9
647,6
648,5
649,2
650,5
651,5
652,9
653,9
654,9
655,2
656,32
657,9
658,8
659,9
660,0
661,8
662,9
663,18
664,6
665,32
666,7
667,6
668,8
669,16
670,8
671,8
672,4
673,13
674,6
675,6
676,9
677,4
678,6
679,0
680,12
681,8
682,9
683,9
684,16
685,6
686,5
687,9
688,5
689,3
690,24
691,0
692,6
693,8
694,6
695,9
696,12
697,6
698,6
699,7
700,6
701,15
702,6
703,6
704,9
705,12
706,3
707,5
708,9
709,0
710,0
711,5
712,6
713,6
714,8
715,6
716,14
717,6
718,6
719,5
720,6
721,0
722,8
723,11
724,54
725,9
726,16
727,6
728,3
729,6
730,6
731,16
732,6
733,6
734,8
735,6
736,6
737,6
738,8
739,9
740,32
741,6
742,9
743,9
744,18
745,6
746,9
747,0
748,63
749,0
750,12
751,6
752,6
753,6
754,9
755,0
756,6
757,8
758,12
759,5
760,5
761,8
762,4
763,12
764,8
765,6
766,8
767,0
768,6
769,9
770,6
771,9
772,3
773,0
774,9
775,7
776,9
777,12
778,0
779,42
780,8
781,8
782,0
783,0
784,8
785,9
786,14
787,3
788,6
789,8
790,0
791,5
792,9
793,8
794,14
795,8
796,16
797,6
798,7
799,4
800,5
801,7
802,0
803,0
804,9
805,6
806,6
807,9
808,6
809,6
810,9
811,5
812,5
813,12
814,6
815,12
816,9
817,54
818,7
819,6
820,24
821,6
822,8
823,16
824,6
825,8
826,6
827,4
828,9
829,24
830,8
831,6
832,8
833,6
834,8
835,7
836,3
837,6
838,8
839,9
840,4
841,1
842,9
843,36
844,10
845,6
846,9
847,9
848,9
849,0
850,3
851,32
852,14
853,4
854,5
855,6
856,24
857,6
858,12
859,32
860,3
861,8
862,8
863,9
864,36
865,12
866,9
867,5
868,32
869,9
870,6
871,6
872,2
873,12
874,0
875,9
876,15
877,9
878,6
879,48
880,6
881,6
882,12
883,9
884,7
885,6
886,8
887,5
888,9
889,18
890,6
891,4
892,0
893,6
894,9
895,24
896,0
897,6
898,6
899,6
900,6
901,4
902,0
903,0
904,24
905,5
906,9
907,6
908,6
909,5
910,6
911,0
912,0
913,0
914,8
915,6
916,6
917,48
918,9
919,4
920,32
921,8
922,5
923,9
924,8
925,9
926,32
927,6
928,9
929,4
930,9
931,9
932,9
933,8
934,5
935,6
936,9
937,14
938,4
939,8
940,10
941,12
942,1
943,8
944,0
945,6
946,9
947,9
948,6
949,24
950,32
951,14
952,6
953,4
954,32
955,9
956,6
957,9
958,9
959,6
960,0
961,6
962,8
963,0
964,6
965,9
966,6
967,8
968,6
969,5
970,9
971,6
972,6
973,0
974,16
975,9
976,0
977,9
978,15
979,0
980,9
981,9
982,24
983,16
984,10
985,0
986,7
987,8
988,0
989,4
990,14
991,13
992,13
993,7
994,9
995,8
996,16
997,8
998,13
999,8
1000,0
1001,0
1002,15
1003,7
1004,7
1005,9
1006,9
1007,36
1008,14
1009,2
1010,8
1011,8
1012,7
1013,10
1014,6
1015,3
1016,9
1017,48
1018,9
1019,9
1020,10
1021,0
1022,12
1023,8
1024,9
1025,16
1026,6
1027,10
1028,8
1029,14
1030,6
1031,12
1032,2
1033,8
1034,9
1035,6
1036,16
1037,8
1038,4
1039,9
1040,15
1041,16
1042,18
1043,6
1044,3
1045,7
1046,2
1047,14
1048,10
1049,9
1050,9
1051,0
1052,6
1053,4
1054,9
1055,9
1056,2
1057,7
1058,9
1059,9
1060,6
1061,15
1062,5
1063,13
1064,0
1065,9
1066,0
1067,9
1068,12
1069,3
1070,0
1071,12
1072,9
1073,0
1074,12
1075,9
1076,3
1077,18
1078,18
1079,5
1080,5
1081,0
1082,4
1083,0
1084,0
1085,0
1086,8
1087,24
1088,6
1089,3
1090,13
1091,9
1092,0
1093,11
1094,6
1095,15
1096,9
1097,8
1098,6
1099,8
1100,6
1101,9
1102,4
1103,15
1104,48
1105,14
1106,2
1107,8
1108,0
1109,10
1110,8
1111,9
1112,9
1113,6
1114,9
1115,0
1116,6
1117,7
1118,15
1119,8
1120,6
1121,12
1122,4
1123,9
1124,9
1125,5
1126,0
1127,10
1128,2
1129,9
1130,7
1131,2
1132,0
1133,6
1134,2
1135,6
1136,9
1137,9
1138,6
1139,8
1140,6
1141,0
1142,8
1143,32
1144,9
1145,7
1146,14
1147,4
1148,9
1149,5
1150,0
1151,9
1152,0
1153,9
1154,7
1155,0
1156,4
1157,5
1158,6
1159,8
1160,36
1161,24
1162,6
1163,9
1164,6
1165,0
1166,8
1167,9
1168,6
1169,8
1170,6
1171,8
1172,9
1173,0
1174,0
1175,7
1176,9
1177,6
1178,9
1179,8
1180,12
1181,6
1182,9
1183,0
1184,4
1185,6
1186,3
1187,0
1188,8
1189,3
1190,8
1191,24
1192,5
1193,4
1194,9
1195,18
1196,18
1197,6
1198,2
1199,9
1200,16
1201,8
1202,4
1203,9
1204,4
1205,0
1206,6
1207,9
1208,12
1209,13
1210,12
1211,9
1212,9
1213,6
1214,9
1215,11
1216,8
1217,9
1218,9
1219,5
1220,2
1221,2
1222,10
1223,0
1224,9
1225,8
1226,6
1227,6
1228,24
1229,0
1230,6
1231,9
1232,9
1233,5
1234,12
1235,4
1236,1
1237,9
1238,6
1239,9
1240,18
1241,15
1242,0
1243,8
1244,4
1245,9
1246,2
1247,5
1248,8
1249,9
1250,16
1251,9
1252,5
1253,15
1254,24
1255,3
1256,0
1257,6
1258,14
1259,12
1260,9
1261,7
1262,6
1263,32
1264,6
1265,0
1266,9
1267,0
1268,6
1269,8
1270,18
1271,0
1272,9
1273,13
1274,6
1275,8
1276,12
1277,9
1278,0
1279,9
1280,12
1281,6
1282,12
1283,8
1284,6
1285,9
1286,6
1287,18
1288,4
1289,6
1290,8
1291,21
1292,12
1293,6
1294,2
1295,16
1296,12
1297,9
1298,9
1299,9
1300,6
1301,9
1302,0
1303,4
1304,15
1305,12
1306,9
1307,6
1308,6
1309,9
1310,9
1311,6
1312,2
1313,6
1314,14
1315,12
1316,9
1317,6
1318,0
1319,10
1320,0
1321,9
1322,4
1323,6
1324,8
1325,6
1326,6
1327,3
1328,12
1329,12
1330,9
1331,9
1332,24
1333,12
1334,0
1335,5
1336,6
1337,9
1338,11
1339,6
1340,0
1341,8
1342,5
1343,36
1344,6
1345,12
1346,5
1347,8
1348,48
1349,7
1350,6
1351,11
1352,7
1353,8
1354,6
1355,0
1356,24
1357,16
1358,9
1359,5
1360,7
1361,6
1362,12
1363,16
1364,6
1365,6
1366,8
1367,5
1368,6
1369,32
1370,12
1371,9
1372,2
1373,5
1374,9
1375,0
1376,5
1377,2
1378,6
1379,9
1380,6
1381,9
1382,8
1383,6
1384,2
1385,5
1386,6
1387,4
1388,7
1389,8
1390,8
1391,2
1392,6
1393,0
1394,12
1395,6
1396,18
1397,4
1398,10
1399,0
1400,0
1401,32
1402,7
1403,6
1404,0
1405,9
1406,6
1407,15
1408,4
1409,0
1410,35
1411,6
1412,9
1413,14
1414,18
1415,6
1416,6
1417,32
1418,0
1419,3
1420,6
1421,6
1422,36
1423,16
1424,32
1425,9
1426,5
1427,6
1428,6
1429,16
1430,12
1431,24
1432,0
1433,7
1434,32
1435,8
1436,9
1437,6
1438,7
1439,9
1440,0
1441,8
1442,6
1443,4
1444,6
1445,8
1446,9
1447,4
1448,6
1449,5
1450,2
1451,12
1452,6
1453,4
1454,0
1455,2
1456,10
1457,6
1458,9
1459,5
1460,4
1461,9
1462,6
1463,3
1464,9
1465,8
1466,0
1467,6
1468,9
1469,8
1470,15
1471,4
1472,14
1473,0
1474,9
1475,9
1476,8
1477,8
1478,6
1479,5
1480,12
1481,11
1482,8
1483,4
1484,6
1485,2
1486,6
1487,8
1488,3
1489,32
1490,9
1491,18
1492,5
1493,13
1494,7
1495,9
1496,6
1497,6
1498,8
1499,9
1500,10
1501,18
1502,8
1503,9
1504,9
1505,5
1506,8
1507,5
1508,0
1509,10
1510,0
1511,32
1512,14
1513,3
1514,9
1515,9
1516,6
1517,9
1518,6
1519,8
1520,6
1521,6
1522,9
1523,7
1524,9
1525,8
1526,6
1527,6
1528,0
1529,6
1530,6
1531,9
1532,4
1533,5
1534,6
1535,6
1536,32
1537,9
1538,8
1539,0
1540,32
1541,9
1542,5
1543,0
1544,6
1545,6
1546,12
1547,6
1548,3
1549,6
1550,0
1551,8
1552,2
1553,8
1554,9
1555,8
1556,14
1557,9
1558,6
1559,9
1560,6
1561,8
1562,6
1563,5
1564,9
1565,6
1566,1
1567,5
1568,7
1569,9
1570,24
1571,5
1572,9
1573,6
1574,0
1575,0
1576,13
1577,9
1578,15
1579,14
1580,9
1581,9
1582,8
1583,4
1584,9
1585,6
1586,6
1587,16
1588,7
1589,5
1590,4
1591,5
1592,12
1593,8
1594,8
1595,3
1596,2
1597,12
1598,18
1599,11
1600,4
1601,6
1602,0
1603,9
1604,7
1605,10
1606,8
1607,4
1608,12
1609,8
1610,24
1611,9
1612,32
1613,6
1614,11
1615,32
1616,4
1617,12
1618,32
1619,5
1620,9
1621,11
1622,9
1623,8
1624,8
1625,6
1626,0
1627,8
1628,0
1629,6
1630,9
1631,9
1632,0
1633,9
1634,9
1635,9
1636,9
1637,6
1638,6
1639,6
1640,9
1641,6
1642,0
1643,5
1644,0
1645,3
1646,12
1647,8
1648,4
1649,0
1650,9
1651,0
1652,32
1653,4
1654,14
1655,9
1656,9
1657,0
1658,0
1659,5
1660,10
1661,7
1662,5
1663,3
1664,0
1665,0
1666,5
1667,6
1668,32
1669,3
1670,13
1671,12
1672,2
1673,8
1674,8
1675,14
1676,0
1677,9
1678,0
1679,0
1680,6
1681,6
1682,12
1683,0
1684,2
1685,6
1686,63
1687,0
1688,6
1689,9
1690,5
1691,6
1692,12
1693,6
1694,8
1695,6
1696,6
1697,32
1698,6
1699,9
1700,2
1701,9
1702,15
1703,6
1704,9
1705,8
1706,3
1707,6
1708,5
1709,5
1710,0
1711,5
1712,9
1713,9
1714,9
1715,6
1716,12
1717,9
1718,18
1719,4
1720,6
1721,5
1722,24
1723,6
1724,6
1725,24
1726,6
1727,0
1728,6
1729,24
1730,6
1731,0
1732,9
1733,7
1734,12
1735,2
1736,9
1737,6
1738,6
1739,0
1740,6
1741,4
1742,6
1743,9
1744,24
1745,9
1746,8
1747,8
1748,6
1749,6
1750,18
1751,4
1752,10
1753,8
1754,9
1755,6
1756,8
1757,18
1758,12
1759,10
1760,8
1761,0
1762,12
1763,12
1764,15
1765,16
1766,7
1767,0
1768,12
1769,6
1770,8
1771,24
1772,8
1773,11
1774,9
1775,0
1776,9
1777,9
1778,16
1779,9
1780,12
1781,6
1782,5
1783,6
1784,15
1785,0
1786,12
1787,4
1788,6
1789,8
1790,15
1791,12
1792,9
1793,6
1794,8
1795,9
1796,12
1797,3
1798,6
1799,8
1800,9
1801,12
1802,6
1803,7
1804,8
1805,12
1806,5
1807,6
1808,18
1809,24
1810,6
1811,8
1812,6
1813,20
1814,15
1815,9
1816,9
1817,6
1818,6
1819,4
1820,24
1821,8
1822,15
1823,9
1824,32
1825,9
1826,9
1827,2
1828,6
1829,9
1830,14
1831,5
1832,6
1833,9
1834,24
1835,5
1836,8
1837,6
1838,12
1839,12
1840,9
1841,32
1842,6
1843,6
1844,9
1845,32
1846,8
1847,14
1848,3
1849,6
1850,0
1851,9
1852,9
1853,0
1854,4
1855,0
1856,5
1857,9
1858,32
1859,18
1860,9
1861,9
1862,24
1863,0
1864,9
1865,0
1866,8
1867,9
1868,10
1869,8
1870,4
1871,24
1872,14
1873,9
1874,9
1875,3
1876,32
1877,2
1878,3
1879,0
1880,6
1881,5
1882,16
1883,12
1884,9
1885,21
1886,6
1887,6
1888,16
1889,5
1890,4
1891,14
1892,18
1893,8
1894,11
1895,0
1896,6
1897,6
1898,6
1899,18
1900,5
1901,6
1902,14
1903,6
1904,24
1905,9
1906,9
1907,0
1908,10
1909,9
1910,32
1911,10
1912,12
1913,9
1914,8
1915,9
1916,2
1917,8
1918,4
1919,9
1920,0
1921,6
1922,7
1923,6
1924,9
1925,8
1926,81
1927,4
1928,4
1929,20
1930,8
1931,12
1932,8
1933,6
1934,6
1935,2
1936,8
1937,9
1938,12
1939,6
1940,6
1941,6
1942,0
1943,6
1944,8
1945,8
1946,6
1947,15
1948,6
1949,16
1950,9
1951,6
1952,8
1953,9
1954,6
1955,6
1956,8
1957,8
1958,6
1959,0
1960,6
1961,7
1962,6
1963,8
1964,6
1965,4
1966,36
1967,6
1968,14
1969,10
1970,0
1971,14
1972,9
1973,9
1974,3
1975,9
1976,9
1977,8
1978,8
1979,9
1980,9
1981,4
1982,2
1983,9
1984,12
1985,6
1986,8
1987,32
1988,32
1989,6
1990,6
1991,4
1992,0
1993,9
1994,0
1995,0
1996,6
1997,9
1998,45
1999,8
2000,9
2001,8
2002,9
2003,4
2004,0
2005,6
2006,3
2007,4
2008,9
2009,24
2010,0
2011,18
2012,12
2013,9
2014,4
2015,18
2016,9
2017,4
2018,6
2019,12
2020,9
2021,8
2022,6
2023,13
2024,32
2025,12
2026,18
2027,15
2028,6
2029,9
2030,7
2031,9
2032,6
2033,5
2034,9
2035,32
2036,16
2037,9
2038,6
2039,5
2040,12
2041,6
2042,9
2043,9
2044,6
2045,6
2046,32
2047,0
2048,18
2049,0
2050,9
2051,4
2052,9
2053,9
2054,9
2055,6
2056,12
2057,2
2058,9
2059,6
2060,0
2061,6
2062,6
2063,0
2064,6
2065,9
2066,9
2067,6
2068,2
2069,6
2070,36
2071,18
2072,9
2073,6
2074,8
2075,0
2076,7
2077,9
2078,2
2079,6
2080,9
2081,6
2082,8
2083,12
2084,7
2085,5
2086,6
2087,4
2088,8
2089,2
2090,3
2091,7
2092,6
2093,5
2094,5
2095,3
2096,9
2097,0
2098,8
2099,6
2100,6
2101,6
2102,6
2103,0
2104,8
2105,0
2106,14
2107,9
2108,6
2109,6
2110,6
2111,9
2112,4
2113,9
2114,4
2115,4
2116,5
2117,8
2118,6
2119,32
2120,16
2121,5
2122,18
2123,10
2124,9
2125,6
2126,1
2127,10
2128,9
2129,5
2130,9
2131,32
2132,9
2133,0
2134,7
2135,9
2136,4
2137,0
2138,8
2139,8
2140,8
2141,6
2142,32
2143,8
2144,7
2145,0
2146,6
2147,9
2148,9
2149,8
2150,0
2151,14
2152,12
2153,6
2154,9
2155,4
2156,2
2157,8
2158,0
2159,6
2160,9
2161,0
2162,6
2163,6
2164,0
2165,9
2166,10
2167,7
2168,6
2169,12
2170,7
2171,12
2172,9
2173,12
2174,6
2175,0
2176,12
2177,9
2178,9
2179,8
2180,7
2181,9
2182,9
2183,2
2184,4
2185,2
2186,8
2187,6
2188,8
2189,12
2190,36
2191,6
2192,0
2193,18
2194,6
2195,9
2196,15
2197,5
2198,5
2199,6
2200,9
2201,9
2202,63
2203,12
2204,4
2205,32
2206,9
2207,0
2208,32
2209,6
2210,32
2211,9
2212,2
2213,2
2214,8
2215,14
2216,5
2217,9
2218,0
2219,8
2220,8
2221,36
2222,18
2223,6
2224,9
2225,8
2226,32
2227,8
2228,3
2229,16
2230,8
2231,4
2232,9
2233,8
2234,6
2235,8
2236,7
2237,5
2238,63
2239,6
2240,9
2241,7
2242,8
2243,3
2244,32
2245,32
2246,6
2247,9
2248,4
2249,9
2250,4
2251,14
2252,4
2253,9
2254,9
2255,6
2256,14
2257,9
2258,6
2259,2
2260,9
2261,9
2262,13
2263,4
2264,12
2265,3
2266,14
2267,8
2268,9
2269,6
2270,9
2271,12
2272,4
2273,8
2274,6
2275,9
2276,10
2277,4
2278,0
2279,2
2280,8
2281,6
2282,4
2283,9
2284,6
2285,6
2286,15
2287,6
2288,9
2289,12
2290,4
2291,3
2292,10
2293,8
2294,0
2295,36
2296,8
2297,9
2298,15
2299,14
2300,6
2301,24
2302,9
2303,8
2304,63
2305,6
2306,9
2307,6
2308,9
2309,9
2310,0
2311,4
2312,5
2313,14
2314,6
2315,7
2316,6
2317,5
2318,14
2319,6
2320,9
2321,6
2322,5
2323,9
2324,2
2325,6
2326,6
2327,6
2328,14
2329,0
2330,2
2331,6
2332,8
2333,9
2334,5
2335,0
2336,9
2337,14
2338,12
2339,13
2340,8
2341,8
2342,12
2343,4
2344,7
2345,4
2346,18
2347,6
2348,32
2349,3
2350,5
2351,6
2352,5
2353,9
2354,3
2355,12
2356,6
2357,15
2358,5
2359,9
2360,3
2361,8
2362,9
2363,12
2364,6
2365,8
2366,16
2367,14
2368,0
2369,2
2370,24
2371,9
2372,2
2373,9
2374,4
2375,6
2376,6
2377,8
2378,9
2379,6
2380,0
2381,6
2382,9
2383,6
2384,2
2385,6
2386,9
2387,6
2388,14
2389,12
2390,0
2391,2
2392,24
2393,4
2394,12
2395,8
2396,8
2397,5
2398,8
2399,6
2400,9
2401,6
2402,6
2403,6
2404,36
2405,5
2406,7
2407,8
2408,6
2409,14
2410,18
2411,4
2412,8
2413,7
2414,6
2415,9
2416,16
2417,8
2418,9
2419,6
2420,6
2421,6
2422,0
2423,5
2424,6
2425,18
2426,6
2427,9
2428,9
2429,32
2430,5
2431,6
2432,6
2433,6
2434,12
2435,5
2436,32
2437,12
2438,6
2439,6
2440,7
2441,14
2442,9
2443,2
2444,6
2445,24
2446,9
2447,7
2448,12
2449,16
2450,36
2451,32
2452,0
2453,0
2454,8
2455,4
2456,16
2457,2
2458,6
2459,6
2460,6
2461,9
2462,24
2463,6
2464,0
2465,7
2466,12
2467,12
2468,9
2469,4
2470,6
2471,13
2472,6
2473,0
2474,12
2475,6
2476,6
2477,10
2478,4
2479,0
2480,32
2481,18
2482,6
2483,16
2484,6
2485,0
2486,7
2487,0
2488,16
2489,8
2490,15
2491,6
2492,9
2493,24
2494,6
2495,4
2496,5
2497,32
2498,8
2499,2
2500,9
2501,5
2502,9
2503,6
2504,6
2505,9
2506,9
2507,9
2508,13
2509,0
2510,8
2511,16
2512,6
2513,8
2514,12
2515,6
2516,8
2517,5
2518,5
2519,9
2520,18
2521,12
2522,6
2523,6
2524,5
2525,48
2526,8
2527,4
2528,12
2529,0
2530,8
2531,6
2532,9
2533,4
2534,6
2535,6
2536,9
2537,15
2538,6
2539,6
2540,16
2541,6
2542,12
2543,6
2544,0
2545,5
2546,2
2547,16
2548,4
2549,9
2550,8
2551,8
2552,7
2553,9
2554,7
2555,18
2556,5
2557,6
2558,9
2559,8
2560,0
2561,6
2562,5
2563,5
2564,6
2565,10
2566,5
2567,9
2568,0
2569,9
2570,0
2571,4
2572,6
2573,9
2574,8
2575,8
2576,13
2577,0
2578,9
2579,0
2580,9
2581,4
2582,3
2583,8
2584,12
2585,6
2586,2
2587,9
2588,6
2589,4
2590,15
2591,24
2592,7
2593,9
2594,2
2595,6
2596,6
2597,16
2598,0
2599,9
2600,8
2601,14
2602,8
2603,0
2604,9
2605,6
2606,13
2607,11
2608,8
2609,11
2610,6
2611,4
2612,5
2613,6
2614,6
2615,6
2616,9
2617,16
2618,6
2619,3
2620,8
2621,9
2622,9
2623,6
2624,9
2625,15
2626,32
2627,5
2628,15
2629,36
2630,9
2631,6
2632,9
2633,9
2634,5
2635,3
2636,5
2637,32
2638,8
2639,24
2640,0
2641,4
2642,6
2643,0
2644,6
2645,9
2646,6
2647,32
2648,12
2649,0
2650,9
2651,24
2652,6
2653,0
2654,6
2655,8
2656,7
2657,0
2658,8
2659,10
2660,8
2661,36
2662,7
2663,32
2664,2
2665,0
2666,3
2667,6
2668,13
2669,8
2670,0
2671,6
2672,6
2673,9
2674,32
2675,6
2676,6
2677,12
2678,6
2679,6
2680,5
2681,3
2682,18
2683,9
2684,1
2685,6
2686,8
2687,9
2688,14
2689,8
2690,6
2691,6
2692,4
2693,12
2694,6
2695,6
2696,13
2697,12
2698,6
2699,0
2700,9
2701,6
2702,6
2703,6
2704,32
2705,6
2706,8
2707,10
2708,8
2709,15
2710,5
2711,8
2712,6
2713,8
2714,9
2715,3
2716,14
2717,9
2718,6
2719,6
2720,6
2721,17
2722,8
2723,8
2724,15
2725,6
2726,9
2727,16
2728,12
2729,8
2730,6
2731,12
2732,9
2733,24
2734,6
2735,12
2736,0
2737,10
2738,32
2739,9
2740,16
2741,8
2742,32
2743,9
2744,9
2745,12
2746,32
2747,6
2748,0
2749,7
2750,6
2751,6
2752,9
2753,12
2754,7
2755,6
2756,6
2757,6
2758,8
2759,3
2760,12
2761,16
2762,6
2763,9
2764,9
2765,0
2766,0
2767,9
2768,6
2769,6
2770,9
2771,8
2772,10
2773,7
2774,6
2775,3
2776,9
2777,32
2778,10
2779,3
2780,6
2781,8
2782,9
2783,8
2784,3
2785,16
2786,9
2787,2
2788,4
2789,9
2790,8
2791,18
2792,0
2793,5
2794,14
2795,63
2796,6
2797,2
2798,6
2799,9
2800,9
2801,12
2802,6
2803,8
2804,6
2805,6
2806,18
2807,9
2808,4
2809,16
2810,2
2811,2
2812,12
2813,18
2814,0
2815,9
2816,3
2817,4
2818,3
2819,4
2820,5
2821,6
2822,9
2823,9
2824,8
2825,9
2826,9
2827,12
2828,36
2829,11
2830,8
2831,0
2832,12
2833,2
2834,4
2835,9
2836,24
2837,6
2838,9
2839,9
2840,0
2841,0
2842,4
2843,15
2844,7
2845,4
2846,9
2847,4
2848,6
2849,9
2850,6
2851,9
2852,9
2853,9
2854,9
2855,9
2856,4
2857,5
2858,6
2859,6
2860,6
2861,0
2862,8
2863,6
2864,0
2865,0
2866,14
2867,6
2868,6
2869,9
2870,9
2871,0
2872,6
2873,8
2874,12
2875,12
2876,16
2877,6
2878,2
2879,9
2880,6
2881,16
2882,16
2883,18
2884,9
2885,5
2886,12
2887,20
2888,6
2889,0
2890,6
2891,9
2892,24
2893,0
2894,0
2895,9
2896,9
2897,10
2898,9
2899,9
2900,0
2901,9
2902,9
2903,6
2904,12
2905,8
2906,9
2907,5
2908,8
2909,6
2910,7
2911,7
2912,6
2913,6
2914,10
2915,12
2916,0
2917,7
2918,32
2919,5
2920,12
2921,32
2922,12
2923,9
2924,9
2925,4
2926,0
2927,9
2928,11
2929,6
2930,13
2931,4
2932,6
2933,16
2934,12
2935,5
2936,6
2937,0
2938,24
2939,32
2940,8
2941,8
2942,9
2943,3
2944,7
2945,9
2946,12
2947,8
2948,6
2949,5
2950,9
2951,7
2952,6
2953,5
2954,6
2955,0
2956,9
2957,8
2958,9
2959,8
2960,8
2961,2
2962,6
2963,9
2964,0
2965,8
2966,4
2967,9
2968,6
2969,6
2970,8
2971,8
2972,32
2973,32
2974,0
2975,0
2976,0
2977,0
2978,6
2979,8
2980,9
2981,8
2982,18
2983,8
2984,6
2985,6
2986,6
2987,12
2988,9
2989,6
2990,32
2991,8
2992,9
2993,12
2994,6
2995,4
2996,5
2997,0
2998,32
2999,6
3000,4
3001,0
3002,0
3003,9
3004,6
3005,6
3006,2
3007,8
3008,6
3009,5
3010,0
3011,10
3012,8
3013,8
3014,16
3015,18
3016,6
3017,6
3018,6
3019,8
3020,9
3021,7
3022,9
3023,5
3024,0
3025,18
3026,8
3027,6
3028,2
3029,6
3030,9
3031,6
3032,4
3033,4
3034,0
3035,9
3036,6
3037,8
3038,0
3039,5
3040,12
3041,2
3042,6
3043,32
3044,3
3045,4
3046,6
3047,9
3048,4
3049,6
3050,9
3051,0
3052,8
3053,6
3054,6
3055,6
3056,6
3057,13
3058,14
3059,8
3060,9
3061,0
3062,0
3063,8
3064,7
3065,0
3066,6
3067,4
3068,6
3069,5
3070,9
3071,9
3072,4
3073,18
3074,9
3075,12
3076,8
3077,4
3078,4
3079,9
3080,6
3081,8
3082,5
3083,7
3084,12
3085,2
3086,12
3087,5
3088,32
3089,8
3090,3
3091,5
3092,6
3093,6
3094,5
3095,0
3096,4
3097,13
3098,24
3099,7
3100,16
3101,12
3102,2
3103,54
3104,9
3105,9
3106,36
3107,9
3108,0
3109,9
3110,9
3111,9
3112,9
3113,9
3114,5
3115,0
3116,5
3117,6
3118,14
3119,6
3120,32
3121,9
3122,6
3123,7
3124,24
3125,2
3126,9
3127,0
3128,4
3129,8
3130,0
3131,4
3132,0
3133,6
3134,8
3135,4
3136,6
3137,5
3138,9
3139,9
3140,8
3141,6
3142,9
3143,2
3144,6
3145,7
3146,12
3147,6
3148,5
3149,9
3150,6
3151,8
3152,32
3153,10
3154,15
3155,24
3156,7
3157,0
3158,5
3159,8
3160,12
3161,12
3162,8
3163,12
3164,8
3165,12
3166,18
3167,6
3168,8
3169,4
3170,2
3171,0
3172,8
3173,0
3174,0
3175,9
3176,12
3177,6
3178,14
3179,0
3180,6
3181,6
3182,6
3183,12
3184,6
3185,0
3186,12
3187,0
3188,16
3189,4
3190,6
3191,8
3192,9
3193,6
3194,6
3195,3
3196,6
3197,9
3198,6
3199,32
3200,16
3201,6
3202,10
3203,4
3204,12
3205,6
3206,0
3207,5
3208,0
3209,0
3210,2
3211,12
3212,4
3213,0
3214,16
3215,9
3216,0
3217,3
3218,8
3219,9
3220,6
3221,6
3222,45
3223,8
3224,6
3225,4
3226,9
3227,8
3228,9
3229,6
3230,8
3231,7
3232,8
3233,6
3234,0
3235,2
3236,9
3237,6
3238,4
3239,14
3240,9
3241,12
3242,9
3243,9
3244,12
3245,2
3246,16
3247,0
3248,3
3249,16
3250,6
3251,5
3252,5
3253,8
3254,7
3255,8
3256,12
3257,8
3258,4
3259,12
3260,12
3261,9
3262,2
3263,6
3264,9
3265,9
3266,6
3267,9
3268,4
3269,12
3270,8
3271,10
3272,8
3273,8
3274,16
3275,9
3276,5
3277,9
3278,6
3279,0
3280,9
3281,9
3282,7
3283,7
3284,6
3285,0
3286,5
3287,5
3288,12
3289,7
3290,8
3291,10
3292,6
3293,18
3294,30
3295,8
3296,9
3297,32
3298,3
3299,11
3300,12
3301,6
3302,9
3303,5
3304,6
3305,12
3306,0
3307,0
3308,32
3309,6
3310,9
3311,6
3312,48
3313,10
3314,2
3315,0
3316,9
3317,6
3318,16
3319,8
3320,0
3321,3
3322,7
3323,9
3324,11
3325,32
3326,9
3327,4
3328,4
3329,0
3330,8
3331,4
3332,0
3333,0
3334,9
3335,9
3336,13
3337,11
3338,10
3339,7
3340,6
3341,9
3342,0
3343,9
3344,12
3345,9
3346,0
3347,9
3348,6
3349,14
3350,3
3351,32
3352,18
3353,6
3354,9
3355,6
3356,14
3357,6
3358,9
3359,15
3360,9
3361,9
3362,24
3363,12
3364,10
3365,0
3366,9
3367,14
3368,6
3369,5
3370,16
3371,0
3372,6
3373,5
3374,6
3375,8
3376,6
3377,18
3378,6
3379,8
3380,6
3381,12
3382,6
3383,9
3384,6
3385,9
3386,0
3387,9
3388,0
3389,0
3390,12
3391,6
3392,8
3393,7
3394,6
3395,9
3396,6
3397,6
3398,12
3399,9
3400,8
3401,16
3402,8
3403,9
3404,12
3405,9
3406,15
3407,8
3408,8
3409,6
3410,6
3411,7
3412,12
3413,12
3414,16
3415,6
3416,0
3417,7
3418,9
3419,11
3420,11
3421,16
3422,6
3423,14
3424,9
3425,1
3426,6
3427,8
3428,12
3429,12
3430,6
3431,48
3432,5
3433,0
3434,9
3435,2
3436,10
3437,32
3438,2
3439,0
3440,8
3441,32
3442,10
3443,0
3444,12
3445,6
3446,24
3447,16
3448,4
3449,9
3450,4
3451,9
3452,9
3453,9
3454,8
3455,8
3456,8
3457,0
3458,63
3459,12
3460,6
3461,8
3462,9
3463,6
3464,12
3465,9
3466,15
3467,9
3468,14
3469,6
3470,6
3471,6
3472,8
3473,0
3474,0
3475,0
3476,12
3477,4
3478,0
3479,6
3480,3
3481,9
3482,12
3483,5
3484,32
3485,8
3486,0
3487,6
3488,11
3489,6
3490,8
3491,0
3492,6
3493,9
3494,6
3495,6
3496,12
3497,8
3498,9
3499,10
3500,9
3501,5
3502,9
3503,0
3504,11
3505,9
3506,8
3507,15
3508,12
3509,2
3510,0
3511,6
3512,9
3513,36
3514,18
3515,9
3516,9
3517,7
3518,9
3519,0
3520,9
3521,6
3522,3
3523,6
3524,6
3525,9
3526,15
3527,17
3528,6
3529,8
3530,4
3531,0
3532,12
3533,7
3534,0
3535,12
3536,3
3537,6
3538,9
3539,6
3540,6
3541,0
3542,9
3543,0
3544,0
3545,9
3546,9
3547,6
3548,16
3549,12
3550,9
3551,32
3552,32
3553,3
3554,6
3555,6
3556,8
3557,16
3558,3
3559,5
3560,16
3561,4
3562,18
3563,6
3564,9
3565,9
3566,9
3567,6
3568,6
3569,3
3570,6
3571,6
3572,12
3573,6
3574,9
3575,5
3576,14
3577,4
3578,7
3579,8
3580,7
3581,48
3582,8
3583,9
3584,32
3585,16
3586,3
3587,9
3588,9
3589,6
3590,2
3591,9
3592,5
3593,9
3594,0
3595,9
3596,9
3597,6
3598,0
3599,3
3600,24
3601,4
3602,8
3603,2
3604,12
3605,8
3606,5
3607,12
3608,6
3609,10
3610,36
3611,8
3612,24
3613,7
3614,9
3615,16
3616,9
3617,12
3618,16
3619,14
3620,2
3621,5
3622,12
3623,3
3624,10
3625,9
3626,9
3627,2
3628,6
3629,15
3630,0
3631,42
3632,6
3633,9
3634,9
3635,9
3636,9
3637,9
3638,6
3639,0
3640,6
3641,7
3642,10
3643,0
3644,8
3645,18
3646,9
3647,1
3648,9
3649,16
3650,45
3651,8
3652,9
3653,8
3654,6
3655,10
3656,0
3657,15
3658,12
3659,9
3660,5
3661,2
3662,8
3663,0
3664,6
3665,6
3666,6
3667,12
3668,5
3669,1
3670,9
3671,8
3672,6
3673,32
3674,0
3675,15
3676,0
3677,9
3678,0
3679,12
3680,2
3681,0
3682,4
3683,14
3684,24
3685,0
3686,6
3687,2
3688,8
3689,9
3690,9
3691,2
3692,16
3693,9
3694,7
3695,9
3696,4
3697,12
3698,32
3699,6
3700,8
3701,5
3702,5
3703,12
3704,24
3705,7
3706,8
3707,8
3708,6
3709,9
3710,5
3711,5
3712,6
3713,8
3714,9
3715,9
3716,0
3717,6
3718,14
3719,9
3720,6
3721,32
3722,7
3723,9
3724,32
3725,6
3726,9
3727,3
3728,2
3729,0
3730,8
3731,12
3732,9
3733,0
3734,6
3735,2
3736,4
3737,16
3738,9
3739,18
3740,4
3741,4
3742,0
3743,6
3744,9
3745,9
3746,6
3747,16
3748,6
3749,9
3750,9
3751,14
3752,5
3753,9
3754,8
3755,6
3756,24
3757,9
3758,3
3759,6
3760,32
3761,48
3762,6
3763,2
3764,0
3765,9
3766,18
3767,6
3768,6
3769,32
3770,9
3771,15
3772,0
3773,9
3774,10
3775,5
3776,24
3777,9
3778,8
3779,9
3780,9
3781,9
3782,5
3783,9
3784,6
3785,9
3786,9
3787,0
3788,6
3789,6
3790,9
3791,9
3792,6
3793,8
3794,6
3795,54
3796,16
3797,6
3798,9
3799,9
3800,45
3801,0
3802,8
3803,9
3804,3
3805,10
3806,9
3807,16
3808,14
3809,8
3810,0
3811,6
3812,5
3813,9
3814,0
3815,6
3816,15
3817,0
3818,0
3819,2
3820,4
3821,6
3822,9
3823,6
3824,0
3825,9
3826,17
3827,6
3828,12
3829,48
3830,24
3831,9
3832,7
3833,6
3834,8
3835,8
3836,12
3837,6
3838,6
3839,6
3840,9
3841,6
3842,9
3843,0
3844,9
3845,6
3846,0
3847,9
3848,8
3849,9
3850,36
3851,0
3852,4
3853,8
3854,8
3855,8
3856,32
3857,9
3858,12
3859,6
3860,9
3861,24
3862,6
3863,9
3864,0
3865,6
3866,9
3867,6
3868,5
3869,0
3870,12
3871,12
3872,8
3873,14
3874,12
3875,12
3876,5
3877,0
3878,9
3879,5
3880,15
3881,3
3882,0
3883,16
3884,9
3885,9
3886,6
3887,8
3888,9
3889,9
3890,12
3891,6
3892,0
3893,4
3894,8
3895,5
3896,2
3897,9
3898,8
3899,5
3900,32
3901,12
3902,0
3903,9
3904,16
3905,12
3906,12
3907,3
3908,9
3909,9
3910,2
3911,12
3912,12
3913,10
3914,9
3915,16
3916,12
3917,16
3918,11
3919,12
3920,9
3921,5
3922,12
3923,6
3924,6
3925,0
3926,14
3927,13
3928,8
3929,0
3930,0
3931,8
3932,9
3933,3
3934,0
3935,2
3936,32
3937,5
3938,9
3939,6
3940,6
3941,0
3942,0
3943,5
3944,8
3945,0
3946,8
3947,24
3948,6
3949,18
3950,8
3951,0
3952,6
3953,8
3954,6
3955,6
3956,0
3957,9
3958,6
3959,6
3960,9
3961,9
3962,6
3963,6
3964,4
3965,9
3966,7
3967,6
3968,9
3969,2
3970,5
3971,0
3972,32
3973,14
3974,6
3975,10
3976,4
3977,9
3978,6
3979,0
3980,0
3981,2
3982,8
3983,8
3984,8
3985,3
3986,8
3987,2
3988,9
3989,6
3990,7
3991,6
3992,12
3993,6
3994,10
3995,8
3996,8
3997,24
3998,14
3999,16
4000,8
4001,6
4002,6
4003,6
4004,0
4005,8
4006,8
4007,8
4008,0
4009,8
4010,6
4011,12
4012,9
4013,8
4014,6
4015,12
4016,0
4017,4
4018,9
4019,8
4020,4
4021,8
4022,12
4023,6
4024,16
4025,32
4026,45
4027,6
4028,6
4029,8
4030,0
4031,9
4032,0
4033,9
4034,32
4035,14
4036,6
4037,0
4038,9
4039,32
4040,0
4041,0
4042,7
4043,0
4044,6
4045,12
4046,0
4047,13
4048,9
4049,12
4050,0
4051,6
4052,6
4053,6
4054,6
4055,9
4056,6
4057,6
4058,13
4059,8
4060,7
4061,0
4062,8
4063,3
4064,5
4065,6
4066,12
4067,32
4068,0
4069,32
4070,6
4071,0
4072,8
4073,9
4074,10
4075,16
4076,6
4077,8
4078,6
4079,9
4080,6
4081,9
4082,0
4083,5
4084,6
4085,32
4086,9
4087,6
4088,9
4089,6
4090,12
4091,9
4092,15
4093,9
4094,9
4095,9
4096,8
4097,6
4098,9
4099,0
4100,6
4101,7
4102,8
4103,14
4104,9
4105,12
4106,6
4107,14
4108,6
4109,6
4110,14
4111,6
4112,63
4113,8
4114,16
4115,36
4116,4
4117,6
4118,8
4119,32
4120,6
4121,4
4122,9
4123,8
4124,6
4125,10
4126,4
4127,6
4128,9
4129,2
4130,7
4131,9
4132,6
4133,9
4134,6
4135,5
4136,9
4137,6
4138,9
4139,10
4140,9
4141,12
4142,8
4143,0
4144,6
4145,9
4146,8
4147,9
4148,8
4149,12
4150,6
4151,5
4152,15
4153,6
4154,6
4155,7
4156,9
4157,9
4158,8
4159,9
4160,0
4161,11
4162,32
4163,9
4164,9
4165,8
4166,12
4167,6
4168,6
4169,24
4170,12
4171,9
4172,12
4173,10
4174,6
4175,12
4176,6
4177,5
4178,0
4179,4
4180,32
4181,4
4182,9
4183,6
4184,24
4185,0
4186,9
4187,9
4188,10
4189,32
4190,6
4191,32
4192,10
4193,4
4194,9
4195,9
4196,9
4197,9
4198,12
4199,8
4200,6
4201,0
4202,6
4203,32
4204,7
4205,9
4206,6
4207,2
4208,0
4209,6
4210,9
4211,9
4212,0
4213,63
4214,9
4215,0
4216,8
4217,6
4218,6
4219,7
4220,32
4221,11
4222,8
4223,6
4224,8
4225,9
4226,3
4227,0
4228,8
4229,15
4230,32
4231,8
4232,8
4233,5
4234,5
4235,6
4236,8
4237,5
4238,6
4239,6
4240,2
4241,5
4242,9
4243,8
4244,9
4245,3
4246,0
4247,8
4248,9
4249,5
4250,16
4251,8
4252,6
4253,9
4254,12
4255,24
4256,9
4257,32
4258,6
4259,12
4260,6
4261,5
4262,6
4263,0
4264,9
4265,8
4266,10
4267,6
4268,7
4269,4
4270,9
4271,5
4272,6
4273,8
4274,6
4275,5
4276,24
4277,6
4278,9
4279,5
4280,7
4281,8
4282,6
4283,1
4284,32
4285,7
4286,9
4287,9
4288,7
4289,16
4290,0
4291,0
4292,15
4293,7
4294,12
4295,6
4296,24
4297,5
4298,6
4299,36
4300,6
4301,8
4302,8
4303,15
4304,12
4305,32
4306,7
4307,9
4308,14
4309,8
4310,12
4311,0
4312,36
4313,6
4314,4
4315,8
4316,6
4317,9
4318,0
4319,24
4320,6
4321,0
4322,36
4323,9
4324,9
4325,8
4326,4
4327,4
4328,6
4329,4
4330,8
4331,13
4332,24
4333,24
4334,6
4335,8
4336,2
4337,2
4338,4
4339,9
4340,2
4341,0
4342,0
4343,2
4344,12
4345,0
4346,18
4347,8
4348,8
4349,9
4350,3
4351,0
4352,6
4353,8
4354,0
4355,9
4356,8
4357,13
4358,0
4359,8
4360,56
4361,0
4362,0
4363,16
4364,8
4365,18
4366,7
4367,6
4368,14
4369,6
4370,32
4371,4
4372,3
4373,0
4374,6
4375,9
4376,9
4377,8
4378,2
4379,0
4380,9
4381,0
4382,6
4383,9
4384,16
4385,6
4386,9
4387,16
4388,6
4389,6
4390,8
4391,8
4392,6
4393,6
4394,6
4395,0
4396,5
4397,6
4398,5
4399,8
4400,9
4401,12
4402,12
4403,5
4404,9
4405,3
4406,8
4407,9
4408,9
4409,32
4410,12
4411,24
4412,6
4413,9
4414,48
4415,9
4416,2
4417,4
4418,8
4419,6
4420,0
4421,18
4422,8
4423,6
4424,2
4425,32
4426,9
4427,6
4428,10
4429,6
4430,6
4431,8
4432,9
4433,4
4434,5
4435,8
4436,6
4437,6
4438,14
4439,8
4440,6
4441,4
4442,6
4443,9
4444,16
4445,1
4446,8
4447,14
4448,8
4449,14
4450,9
4451,9
4452,0
4453,5
4454,16
4455,3
4456,9
4457,9
4458,12
4459,11
4460,2
4461,9
4462,4
4463,0
4464,14
4465,0
4466,9
4467,12
4468,2
4469,9
4470,6
4471,8
4472,12
4473,9
4474,9
4475,6
4476,3
4477,8
4478,2
4479,9
4480,9
4481,6
4482,9
4483,24
4484,13
4485,0
4486,6
4487,6
4488,0
4489,6
4490,8
4491,8
4492,9
4493,9
4494,36
4495,18
4496,7
4497,32
4498,5
4499,12
4500,4
4501,5
4502,4
4503,32
4504,12
4505,12
4506,9
4507,6
4508,5
4509,6
4510,6
4511,12
4512,9
4513,9
4514,9
4515,3
4516,4
4517,3
4518,12
4519,5
4520,6
4521,6
4522,8
4523,24
4524,6
4525,0
4526,4
4527,9
4528,10
4529,9
4530,9
4531,6
4532,0
4533,7
4534,6
4535,6
4536,10
4537,6
4538,5
4539,12
4540,8
4541,6
4542,14
4543,8
4544,5
4545,6
4546,6
4547,0
4548,15
4549,32
4550,3
4551,6
4552,6
4553,12
4554,9
4555,9
4556,4
4557,0
4558,7
4559,7
4560,8
4561,6
4562,6
4563,0
4564,6
4565,0
4566,6
4567,9
4568,9
4569,13
4570,9
4571,10
4572,9
4573,6
4574,0
4575,9
4576,16
4577,9
4578,9
4579,10
4580,6
4581,14
4582,7
4583,6
4584,18
4585,5
4586,0
4587,8
4588,5
4589,9
4590,8
4591,9
4592,8
4593,12
4594,8
4595,2
4596,8
4597,4
4598,16
4599,3
4600,0
4601,12
4602,5
4603,6
4604,9
4605,7
4606,18
4607,6
4608,6
4609,24
4610,0
4611,3
4612,6
4613,24
4614,0
4615,12
4616,6
4617,9
4618,4
4619,63
4620,6
4621,0
4622,12
4623,9
4624,9
4625,36
4626,9
4627,6
4628,18
4629,14
4630,5
4631,2
4632,12
4633,9
4634,0
4635,12
4636,6
4637,7
4638,6
4639,12
4640,12
4641,15
4642,11
4643,10
4644,9
4645,14
4646,6
4647,9
4648,6
4649,6
4650,0
4651,0
4652,8
4653,5
4654,9
4655,8
4656,8
4657,13
4658,24
4659,9
4660,4
4661,16
4662,36
4663,7
4664,0
4665,5
4666,3
4667,0
4668,6
4669,15
4670,7
4671,9
4672,6
4673,9
4674,6
4675,10
4676,9
4677,6
4678,6
4679,6
4680,6
4681,8
4682,32
4683,4
4684,18
4685,0
4686,9
4687,2
4688,4
4689,9
4690,0
4691,5
4692,6
4693,9
4694,16
4695,6
4696,6
4697,5
4698,0
4699,0
4700,6
4701,8
4702,8
4703,0
4704,6
4705,0
4706,9
4707,5
4708,9
4709,12
4710,25
4711,14
4712,0
4713,8
4714,8
4715,32
4716,13
4717,6
4718,4
4719,8
4720,6
4721,16
4722,0
4723,9
4724,12
4725,8
4726,9
4727,9
4728,6
4729,5
4730,6
4731,14
4732,2
4733,9
4734,9
4735,11
4736,6
4737,8
4738,8
4739,10
4740,24
4741,6
4742,32
4743,9
4744,8
4745,13
4746,5
4747,6
4748,9
4749,4
4750,7
4751,0
4752,32
4753,12
4754,6
4755,6
4756,18
4757,8
4758,12
4759,32
4760,9
4761,6
4762,12
4763,9
4764,3
4765,9
4766,4
4767,8
4768,4
4769,8
4770,1
4771,24
4772,7
4773,8
4774,6
4775,16
4776,8
4777,9
4778,2
4779,7
4780,24
4781,24
4782,6
4783,12
4784,6
4785,6
4786,7
4787,9
4788,6
4789,6
4790,0
4791,9
4792,18
4793,32
4794,6
4795,3
4796,3
4797,24
4798,9
4799,9
4800,18
4801,3
4802,9
4803,6
4804,9
4805,8
4806,6
4807,6
4808,6
4809,18
4810,12
4811,32
4812,12
4813,7
4814,9
4815,9
4816,6
4817,6
4818,5
4819,14
4820,2
4821,0
4822,6
4823,6
4824,6
4825,5
4826,6
4827,8
4828,9
4829,9
4830,16
4831,9
4832,2
4833,24
4834,18
4835,9
4836,6
4837,12
4838,0
4839,5
4840,9
4841,14
4842,8
4843,32
4844,6
4845,5
4846,4
4847,8
4848,3
4849,18
4850,16
4851,6
4852,6
4853,32
4854,9
4855,0
4856,8
4857,8
4858,14
4859,10
4860,14
4861,6
4862,24
4863,5
4864,6
4865,1
4866,9
4867,12
4868,9
4869,10
4870,13
4871,0
4872,6
4873,6
4874,6
4875,36
4876,6
4877,13
4878,6
4879,16
4880,2
4881,16
4882,0
4883,9
4884,6
4885,32
4886,4
4887,4
4888,0
4889,14
4890,5
4891,32
4892,9
4893,4
4894,9
4895,8
4896,8
4897,8
4898,4
4899,9
4900,6
4901,8
4902,9
4903,7
4904,0
4905,18
4906,45
4907,7
4908,54
4909,0
4910,9
4911,5
4912,4
4913,4
4914,9
4915,9
4916,6
4917,9
4918,0
4919,32
4920,24
4921,6
4922,6
4923,16
4924,9
4925,6
4926,13
4927,0
4928,9
4929,9
4930,9
4931,15
4932,18
4933,14
4934,6
4935,9
4936,5
4937,12
4938,7
4939,4
4940,0
4941,16
4942,9
4943,6
4944,8
4945,4
4946,0
4947,3
4948,6
4949,0
4950,6
4951,0
4952,4
4953,6
4954,5
4955,0
4956,18
4957,8
4958,10
4959,6
4960,6
4961,3
4962,8
4963,6
4964,9
4965,8
4966,6
4967,16
4968,12
4969,11
4970,18
4971,8
4972,8
4973,3
4974,12
4975,0
4976,9
4977,6
4978,5
4979,9
4980,9
4981,12
4982,9
4983,12
4984,8
4985,8
4986,6
4987,7
4988,15
4989,5
4990,32
4991,0
4992,24
4993,9
4994,8
4995,9
4996,15
4997,0
4998,6
4999,9
5000,0
5001,10
5002,5
5003,0
5004,4
5005,4
5006,6
5007,32
5008,6
5009,8
5010,6
5011,8
5012,8
5013,32
5014,32
5015,12
5016,15
5017,4
5018,6
5019,6
5020,6
5021,2
5022,8
5023,5
5024,5
5025,5
5026,5
5027,6
5028,9
5029,0
5030,7
5031,6
5032,2
5033,9
5034,4
5035,0
5036,5
5037,18
5038,9
5039,32
5040,9
5041,4
5042,8
5043,9
5044,4
5045,6
5046,5
5047,0
5048,12
5049,6
5050,9
5051,4
5052,6
5053,8
5054,6
5055,18
5056,8
5057,12
5058,5
5059,4
5060,5
5061,12
5062,9
5063,3
5064,48
5065,2
5066,6
5067,10
5068,6
5069,6
5070,9
5071,8
5072,8
5073,9
5074,0
5075,8
5076,14
5077,36
5078,16
5079,9
5080,13
5081,9
5082,16
5083,36
5084,9
5085,8
5086,6
5087,12
5088,9
5089,8
5090,5
5091,9
5092,12
5093,4
5094,6
5095,8
5096,7
5097,0
5098,0
5099,7
5100,9
5101,6
5102,8
5103,8
5104,16
5105,6
5106,5
5107,8
5108,6
5109,0
5110,0
5111,13
5112,15
5113,5
5114,16
5115,7
5116,9
5117,2
5118,9
5119,9
5120,9
5121,0
5122,4
5123,8
5124,6
5125,6
5126,9
5127,6
5128,9
5129,0
5130,0
5131,9
5132,9
5133,8
5134,13
5135,10
5136,12
5137,9
5138,9
5139,0
5140,6
5141,6
5142,4
5143,9
5144,9
5145,5
5146,6
5147,6
5148,6
5149,0
5150,14
5151,9
5152,4
5153,12
5154,6
5155,9
5156,9
5157,5
5158,32
5159,0
5160,6
5161,16
5162,7
5163,5
5164,3
5165,2
5166,6
5167,9
5168,10
5169,12
5170,0
5171,8
5172,0
5173,9
5174,6
5175,16
5176,16
5177,16
5178,6
5179,9
5180,18
5181,3
5182,9
5183,16
5184,6
5185,9
5186,32
5187,42
5188,4
5189,2
5190,16
5191,9
5192,6
5193,6
5194,6
5195,0
5196,9
5197,12
5198,0
5199,5
5200,6
5201,9
5202,6
5203,9
5204,9
5205,5
5206,9
5207,9
5208,9
5209,4
5210,6
5211,8
5212,9
5213,4
5214,9
5215,0
5216,9
5217,8
5218,0
5219,0
5220,6
5221,24
5222,0
5223,9
5224,7
5225,12
5226,9
5227,9
5228,18
5229,10
5230,10
5231,6
5232,3
5233,8
5234,9
5235,6
5236,6
5237,12
5238,3
5239,6
5240,9
5241,8
5242,6
5243,8
5244,0
5245,2
5246,9
5247,3
5248,9
5249,11
5250,12
5251,9
5252,12
5253,0
5254,9
5255,11
5256,8
5257,8
5258,7
5259,0
5260,9
5261,6
5262,8
5263,5
5264,0
5265,9
5266,8
5267,6
5268,8
5269,0
5270,8
5271,5
5272,7
5273,5
5274,12
5275,9
5276,3
5277,12
5278,7
5279,2
5280,15
5281,9
5282,0
5283,9
5284,5
5285,5
5286,12
5287,8
5288,9
5289,9
5290,10
5291,9
5292,8
5293,6
5294,13
5295,45
5296,6
5297,6
5298,7
5299,12
5300,8
5301,5
5302,32
5303,12
5304,16
5305,8
5306,6
5307,0
5308,7
5309,8
5310,3
5311,4
5312,6
5313,9
5314,9
5315,9
5316,6
5317,5
5318,6
5319,0
5320,6
5321,8
5322,9
5323,5
5324,4
5325,32
5326,13
5327,6
5328,5
5329,6
5330,24
5331,8
5332,6
5333,12
5334,6
5335,6
5336,0
5337,24
5338,12
5339,9
5340,0
5341,13
5342,12
5343,6
5344,6
5345,6
5346,10
5347,12
5348,18
5349,0
5350,8
5351,3
5352,0
5353,9
5354,5
5355,48
5356,5
5357,9
5358,5
5359,2
5360,8
5361,6
5362,3
5363,3
5364,6
5365,6
5366,7
5367,8
5368,6
5369,6
5370,9
5371,6
5372,6
5373,12
5374,16
5375,9
5376,0
5377,9
5378,0
5379,9
5380,8
5381,0
5382,14
5383,18
5384,2
5385,5
5386,9
5387,3
5388,9
5389,3
5390,6
5391,6
5392,6
5393,2
5394,6
5395,2
5396,9
5397,9
5398,9
5399,16
5400,10
5401,2
5402,5
5403,5
5404,8
5405,6
5406,12
5407,10
5408,6
5409,8
5410,6
5411,0
5412,8
5413,9
5414,8
5415,32
5416,6
5417,10
5418,4
5419,24
5420,24
5421,11
5422,4
5423,6
5424,13
5425,10
5426,8
5427,6
5428,6
5429,6
5430,9
5431,6
5432,6
5433,2
5434,12
5435,14
5436,6
5437,4
5438,16
5439,6
5440,6
5441,5
5442,8
5443,32
5444,2
5445,4
5446,16
5447,9
5448,6
5449,0
5450,4
5451,8
5452,14
5453,12
5454,6
5455,12
5456,2
5457,6
5458,5
5459,9
5460,9
5461,0
5462,6
5463,6
5464,11
5465,0
5466,0
5467,5
5468,0
5469,9
5470,6
5471,5
5472,8
5473,12
5474,9
5475,13
5476,4
5477,9
5478,12
5479,6
5480,6
5481,15
5482,13
5483,6
5484,6
5485,6
5486,14
5487,9
5488,0
5489,6
5490,8
5491,12
5492,6
5493,0
5494,0
5495,5
5496,9
5497,8
5498,6
5499,0
5500,12
5501,45
5502,6
5503,9
5504,9
5505,9
5506,8
5507,9
5508,0
5509,3
5510,0
5511,16
5512,6
5513,14
5514,9
5515,5
5516,24
5517,18
5518,6
5519,6
5520,3
5521,6
5522,6
5523,12
5524,9
5525,4
5526,9
5527,4
5528,12
5529,9
5530,6
5531,0
5532,4
5533,6
5534,8
5535,5
5536,9
5537,6
5538,0
5539,1
5540,10
5541,5
5542,6
5543,9
5544,10
5545,0
5546,6
5547,5
5548,6
5549,9
5550,0
5551,9
5552,9
5553,9
5554,2
5555,14
5556,12
5557,6
5558,9
5559,4
5560,32
5561,8
5562,6
5563,15
5564,15
5565,8
5566,36
5567,9
5568,14
5569,32
5570,16
5571,9
5572,14
5573,8
5574,16
5575,8
5576,2
5577,5
5578,48
5579,6
5580,14
5581,6
5582,4
5583,6
5584,10
5585,6
5586,0
5587,9
5588,24
5589,0
5590,5
5591,15
5592,8
5593,4
5594,18
5595,8
5596,0
5597,6
5598,36
5599,6
5600,36
5601,10
5602,9
5603,0
5604,6
5605,6
5606,8
5607,8
5608,5
5609,9
5610,8
5611,6
5612,5
5613,9
5614,0
5615,2
5616,6
5617,3
5618,0
5619,9
5620,6
5621,9
5622,8
5623,5
5624,0
5625,9
5626,9
5627,8
5628,0
5629,8
5630,8
5631,5
5632,10
5633,15
5634,12
5635,12
5636,3
5637,6
5638,6
5639,3
5640,8
5641,5
5642,12
5643,12
5644,8
5645,9
5646,8
5647,2
5648,5
5649,24
5650,4
5651,4
5652,15
5653,4
5654,8
5655,3
5656,14
5657,8
5658,9
5659,6
5660,6
5661,9
5662,4
5663,0
5664,1
5665,8
5666,18
5667,9
5668,9
5669,9
5670,6
5671,3
5672,8
5673,6
5674,0
5675,14
5676,9
5677,6
5678,9
5679,9
5680,16
5681,5
5682,7
5683,36
5684,9
5685,6
5686,6
5687,6
5688,0
5689,18
5690,16
5691,8
5692,0
5693,6
5694,6
5695,8
5696,9
5697,9
5698,6
5699,8
5700,8
5701,6
5702,0
5703,6
5704,7
5705,8
5706,24
5707,5
5708,6
5709,2
5710,36
5711,9
5712,6
5713,12
5714,6
5715,4
5716,9
5717,3
5718,8
5719,12
5720,9
5721,0
5722,2
5723,1
5724,9
5725,8
5726,12
5727,6
5728,6
5729,9
5730,13
5731,8
5732,14
5733,8
5734,10
5735,8
5736,8
5737,8
5738,8
5739,3
5740,6
5741,6
5742,0
5743,9
5744,3
5745,0
5746,9
5747,10
5748,8
5749,6
5750,9
5751,9
5752,6
5753,14
5754,12
5755,0
5756,32
5757,7
5758,6
5759,6
5760,9
5761,8
5762,9
5763,9
5764,9
5765,6
5766,2
5767,5
5768,3
5769,6
5770,9
5771,7
5772,9
5773,16
5774,16
5775,21
5776,9
5777,7
5778,8
5779,8
5780,14
5781,12
5782,6
5783,14
5784,6
5785,6
5786,9
5787,2
5788,0
5789,6
5790,16
5791,9
5792,9
5793,6
5794,9
5795,9
5796,6
5797,6
5798,4
5799,0
5800,9
5801,5
5802,6
5803,7
5804,12
5805,9
5806,5
5807,0
5808,6
5809,36
5810,8
5811,6
5812,9
5813,6
5814,4
5815,8
5816,6
5817,8
5818,0
5819,8
5820,4
5821,7
5822,14
5823,6
5824,9
5825,32
5826,2
5827,15
5828,4
5829,0
5830,0
5831,14
5832,6
5833,4
5834,8
5835,10
5836,32
5837,24
5838,6
5839,2
5840,5
5841,6
5842,6
5843,9
5844,6
5845,0
5846,5
5847,15
5848,24
5849,9
5850,0
5851,5
5852,8
5853,9
5854,6
5855,3
5856,12
5857,15
5858,18
5859,6
5860,5
5861,6
5862,8
5863,16
5864,6
5865,4
5866,0
5867,8
5868,4
5869,24
5870,0
5871,4
5872,0
5873,0
5874,12
5875,5
5876,12
5877,6
5878,12
5879,8
5880,6
5881,8
5882,6
5883,6
5884,9
5885,6
5886,6
5887,7
5888,3
5889,9
5890,6
5891,6
5892,0
5893,6
5894,9
5895,8
5896,0
5897,9
5898,9
5899,6
5900,8
5901,12
5902,9
5903,8
5904,6
5905,8
5906,14
5907,6
5908,15
5909,8
5910,16
5911,6
5912,9
5913,9
5914,7
5915,0
5916,8
5917,4
5918,12
5919,32
5920,6
5921,5
5922,7
5923,6
5924,6
5925,16
5926,8
5927,10
5928,14
5929,9
5930,5
5931,10
5932,9
5933,18
5934,4
5935,4
5936,6
5937,12
5938,24
5939,8
5940,18
5941,6
5942,5
5943,6
5944,9
5945,15
5946,9
5947,8
5948,0
5949,6
5950,9
5951,2
5952,16
5953,6
5954,32
5955,9
5956,6
5957,6
5958,0
5959,0
5960,24
5961,9
5962,6
5963,6
5964,8
5965,9
5966,9
5967,0
5968,9
5969,0
5970,6
5971,6
5972,10
5973,9
5974,4
5975,9
5976,0
5977,6
5978,13
5979,6
5980,7
5981,12
5982,9
5983,8
5984,9
5985,5
5986,48
5987,15
5988,4
5989,8
5990,8
5991,6
5992,0
5993,8
5994,24
5995,9
5996,16
5997,0
5998,4
5999,14
6000,32
6001,2
6002,8
6003,0
6004,8
6005,6
6006,0
6007,0
6008,9
6009,6
6010,8
6011,5
6012,12
6013,6
6014,10
6015,9
6016,8
6017,6
6018,2
6019,0
6020,36
6021,16
6022,12
6023,9
6024,24
6025,9
6026,18
6027,8
6028,6
6029,0
6030,15
6031,0
6032,9
6033,8
6034,32
6035,32
6036,3
6037,6
6038,9
6039,8
6040,9
6041,6
6042,9
6043,12
6044,14
6045,9
6046,6
6047,9
6048,8
6049,12
6050,8
6051,6
6052,5
6053,45
6054,9
6055,12
6056,9
6057,0
6058,9
6059,3
6060,12
6061,6
6062,9
6063,4
6064,9
6065,9
6066,6
6067,6
6068,4
6069,6
6070,9
6071,12
6072,7
6073,6
6074,0
6075,6
6076,12
6077,6
6078,9
6079,6
6080,9
6081,6
6082,12
6083,9
6084,8
6085,9
6086,4
6087,14
6088,6
6089,5
6090,9
6091,8
6092,9
6093,16
6094,6
6095,6
6096,14
6097,32
6098,3
6099,24
6100,7
6101,0
6102,6
6103,8
6104,9
6105,6
6106,14
6107,6
6108,9
6109,6
6110,18
6111,0
6112,14
6113,13
6114,32
6115,16
6116,6
6117,8
6118,9
6119,9
6120,7
6121,2
6122,6
6123,8
6124,6
6125,10
6126,6
6127,24
6128,8
6129,0
6130,8
6131,12
6132,4
6133,3
6134,6
6135,8
6136,14
6137,9
6138,14
6139,6
6140,6
6141,2
6142,12
6143,6
6144,9
6145,16
6146,4
6147,16
6148,9
6149,3
6150,9
6151,6
6152,0
6153,4
6154,0
6155,8
6156,6
6157,9
6158,9
6159,9
6160,8
6161,0
6162,12
6163,9
6164,9
6165,3
6166,8
6167,9
6168,6
6169,8
6170,6
6171,16
6172,18
6173,5
6174,5
6175,18
6176,9
6177,8
6178,9
6179,8
6180,6
6181,14
6182,0
6183,0
6184,12
6185,4
6186,0
6187,6
6188,0
6189,15
6190,15
6191,9
6192,14
6193,32
6194,0
6195,24
6196,4
6197,12
6198,0
6199,2
6200,9
6201,6
6202,7
6203,14
6204,9
6205,8
6206,18
6207,9
6208,9
6209,9
6210,8
6211,15
6212,2
6213,6
6214,7
6215,4
6216,4
6217,32
6218,10
6219,14
6220,4
6221,5
6222,3
6223,0
6224,6
6225,6
6226,8
6227,16
6228,8
6229,16
6230,9
6231,9
6232,5
6233,6
6234,6
6235,0
6236,9
6237,9
6238,9
6239,9
6240,9
6241,4
6242,0
6243,6
6244,9
6245,0
6246,6
6247,4
6248,9
6249,6
6250,0
6251,9
6252,5
6253,8
6254,8
6255,16
6256,0
6257,6
6258,14
6259,6
6260,6
6261,8
6262,9
6263,5
6264,8
6265,9
6266,6
6267,11
6268,3
6269,15
6270,4
6271,6
6272,4
6273,12
6274,9
6275,6
6276,16
6277,8
6278,6
6279,5
6280,0
6281,6
6282,6
6283,9
6284,8
6285,9
6286,9
6287,8
6288,8
6289,0
6290,8
6291,13
6292,9
6293,8
6294,16
6295,8
6296,2
6297,9
6298,0
6299,3
6300,8
6301,6
6302,8
6303,7
6304,32
6305,32
6306,16
6307,12
6308,9
6309,6
6310,6
6311,24
6312,6
6313,9
6314,13
6315,6
6316,2
6317,9
6318,4
6319,0
6320,4
6321,0
6322,0
6323,5
6324,7
6325,9
6326,8
6327,6
6328,6
6329,6
6330,9
6331,24
6332,9
6333,6
6334,8
6335,6
6336,6
6337,9
6338,6
6339,5
6340,32
6341,5
6342,9
6343,24
6344,9
6345,9
6346,8
6347,2
6348,9
6349,0
6350,8
6351,0
6352,9
6353,2
6354,12
6355,10
6356,32
6357,6
6358,7
6359,0
6360,9
6361,8
6362,5
6363,24
6364,12
6365,8
6366,14
6367,48
6368,8
6369,6
6370,15
6371,8
6372,6
6373,9
6374,0
6375,0
6376,9
6377,5
6378,9
6379,7
6380,10
6381,14
6382,6
6383,8
6384,12
6385,0
6386,0
6387,14
6388,4
6389,8
6390,12
6391,9
6392,12
6393,8
6394,3
6395,0
6396,12
6397,9
6398,32
6399,0
6400,8
6401,5
6402,9
6403,9
6404,3
6405,12
6406,16
6407,6
6408,8
6409,2
6410,5
6411,9
6412,6
6413,0
6414,32
6415,12
6416,18
6417,18
6418,6
6419,8
6420,5
6421,9
6422,9
6423,9
6424,72
6425,9
6426,14
6427,6
6428,6
6429,4
6430,6
6431,12
6432,18
6433,9
6434,5
6435,6
6436,6
6437,14
6438,15
6439,6
6440,6
6441,5
6442,0
6443,9
6444,9
6445,9
6446,6
6447,6
6448,24
6449,0
6450,32
6451,10
6452,12
6453,4
6454,8
6455,9
6456,14
6457,8
6458,12
6459,6
6460,4
6461,6
6462,9
6463,16
6464,12
6465,6
6466,14
6467,4
6468,0
6469,4
6470,6
6471,9
6472,16
6473,12
6474,8
6475,6
6476,6
6477,0
6478,9
6479,9
6480,5
6481,6
6482,32
6483,6
6484,9
6485,2
6486,4
6487,10
6488,2
6489,5
6490,7
6491,6
6492,6
6493,7
6494,32
6495,13
6496,5
6497,9
6498,9
6499,9
6500,9
6501,9
6502,14
6503,12
6504,9
6505,8
6506,7
6507,0
6508,5
6509,6
6510,6
6511,6
6512,9
6513,9
6514,6
6515,2
6516,6
6517,9
6518,9
6519,3
6520,24
6521,5
6522,36
6523,8
6524,8
6525,42
6526,9
6527,0
6528,9
6529,5
6530,3
6531,5
6532,13
6533,4
6534,6
6535,4
6536,6
6537,9
6538,6
6539,9
6540,2
6541,12
6542,13
6543,12
6544,5
6545,6
6546,2
6547,12
6548,9
6549,8
6550,6
6551,6
6552,6
6553,9
6554,6
6555,6
6556,3
6557,2
6558,5
6559,16
6560,3
6561,6
6562,9
6563,8
6564,17
6565,9
6566,9
6567,15
6568,6
6569,9
6570,0
6571,13
6572,32
6573,0
6574,14
6575,0
6576,9
6577,16
6578,0
6579,9
6580,15
6581,4
6582,9
6583,8
6584,12
6585,4
6586,9
6587,18
6588,8
6589,32
6590,15
6591,8
6592,3
6593,11
6594,2
6595,13
6596,4
6597,6
6598,8
6599,0
6600,6
6601,6
6602,0
6603,9
6604,8
6605,0
6606,48
6607,14
6608,8
6609,0
6610,8
6611,8
6612,14
6613,0
6614,9
6615,8
6616,9
6617,32
6618,0
6619,8
6620,6
6621,5
6622,6
6623,6
6624,6
6625,0
6626,14
6627,0
6628,8
6629,9
6630,9
6631,9
6632,5
6633,9
6634,6
6635,9
6636,8
6637,9
6638,10
6639,6
6640,32
6641,6
6642,6
6643,6
6644,6
6645,9
6646,3
6647,14
6648,4
6649,0
6650,6
6651,6
6652,2
6653,6
6654,0
6655,6
6656,32
6657,5
6658,32
6659,6
6660,2
6661,4
6662,0
6663,36
6664,9
6665,9
6666,15
6667,6
6668,6
6669,32
6670,2
6671,6
6672,0
6673,32
6674,7
6675,12
6676,11
6677,8
6678,6
6679,6
6680,15
6681,6
6682,5
6683,0
6684,6
6685,2
6686,8
6687,8
6688,6
6689,6
6690,0
6691,5
6692,6
6693,9
6694,12
6695,0
6696,9
6697,14
6698,3
6699,5
6700,4
6701,6
6702,9
6703,5
6704,9
6705,9
6706,6
6707,6
6708,9
6709,9
6710,10
6711,8
6712,0
6713,8
6714,8
6715,8
6716,12
6717,13
6718,4
6719,1
6720,6
6721,9
6722,6
6723,32
6724,4
6725,4
6726,9
6727,0
6728,12
6729,6
6730,14
6731,0
6732,16
6733,6
6734,9
6735,0
6736,9
6737,6
6738,9
6739,5
6740,9
6741,0
6742,8
6743,0
6744,8
6745,9
6746,13
6747,36
6748,24
6749,0
6750,6
6751,6
6752,5
6753,4
6754,6
6755,6
6756,8
6757,9
6758,9
6759,9
6760,4
6761,5
6762,24
6763,3
6764,9
6765,3
6766,5
6767,11
6768,6
6769,6
6770,5
6771,9
6772,13
6773,16
6774,9
6775,0
6776,32
6777,9
6778,9
6779,6
6780,5
6781,0
6782,6
6783,14
6784,32
6785,0
6786,3
6787,9
6788,6
6789,5
6790,8
6791,6
6792,16
6793,5
6794,9
6795,12
6796,0
6797,9
6798,5
6799,6
6800,32
6801,6
6802,5
6803,9
6804,0
6805,12
6806,7
6807,13
6808,3
6809,11
6810,3
6811,3
6812,14
6813,6
6814,18
6815,8
6816,16
6817,4
6818,10
6819,5
6820,8
6821,45
6822,48
6823,0
6824,6
6825,6
6826,9
6827,9
6828,7
6829,0
6830,8
6831,16
6832,6
6833,7
6834,32
6835,4
6836,9
6837,14
6838,7
6839,8
6840,9
6841,0
6842,10
6843,2
6844,9
6845,5
6846,0
6847,6
6848,0
6849,9
6850,9
6851,7
6852,4
6853,4
6854,6
6855,8
6856,10
6857,3
6858,9
6859,5
6860,11
6861,12
6862,9
6863,18
6864,6
6865,7
6866,9
6867,6
6868,9
6869,0
6870,7
6871,0
6872,12
6873,6
6874,3
6875,42
6876,9
6877,6
6878,32
6879,12
6880,6
6881,0
6882,9
6883,6
6884,7
6885,6
6886,5
6887,12
6888,4
6889,8
6890,9
6891,3
6892,10
6893,5
6894,36
6895,16
6896,8
6897,6
6898,15
6899,9
6900,8
6901,0
6902,10
6903,0
6904,6
6905,6
6906,6
6907,9
6908,16
6909,24
6910,12
6911,4
6912,12
6913,2
6914,9
6915,9
6916,0
6917,12
6918,11
6919,9
6920,9
6921,8
6922,4
6923,9
6924,12
6925,0
6926,32
6927,9
6928,24
6929,8
6930,18
6931,8
6932,9
6933,5
6934,9
6935,4
6936,9
6937,13
6938,14
6939,54
6940,9
6941,12
6942,6
6943,9
6944,3
6945,6
6946,9
6947,9
6948,14
6949,3
6950,12
6951,6
6952,8
6953,0
6954,15
6955,5
6956,0
6957,9
6958,2
6959,8
6960,4
6961,14
6962,7
6963,14
6964,6
6965,8
6966,0
6967,8
6968,5
6969,6
6970,5
6971,9
6972,9
6973,32
6974,6
6975,9
6976,4
6977,0
6978,3
6979,11
6980,5
6981,7
6982,3
6983,4
6984,9
6985,18
6986,9
6987,0
6988,5
6989,6
6990,9
6991,6
6992,6
6993,9
6994,6
6995,8
6996,9
6997,6
6998,6
6999,24
7000,9
7001,8
7002,4
7003,45
7004,8
7005,9
7006,16
7007,12
7008,12
7009,6
7010,11
7011,0
7012,6
7013,16
7014,0
7015,32
7016,9
7017,12
7018,36
7019,14
7020,12
7021,0
7022,8
7023,6
7024,56
7025,5
7026,9
7027,8
7028,6
7029,32
7030,5
7031,8
7032,12
7033,48
7034,48
7035,6
7036,4
7037,6
7038,2
7039,9
7040,9
7041,12
7042,10
7043,8
7044,9
7045,32
7046,15
7047,6
7048,2
7049,6
7050,0
7051,6
7052,16
7053,9
7054,6
7055,4
7056,5
7057,6
7058,9
7059,8
7060,2
7061,16
7062,14
7063,7
7064,2
7065,4
7066,14
7067,9
7068,4
7069,6
7070,5
7071,6
7072,0
7073,9
7074,0
7075,6
7076,6
7077,9
7078,6
7079,0
7080,8
7081,5
7082,8
7083,9
7084,8
7085,9
7086,9
7087,16
7088,4
7089,9
7090,0
7091,5
7092,6
7093,6
7094,6
7095,4
7096,4
7097,6
7098,15
7099,8
7100,5
7101,5
7102,32
7103,9
7104,9
7105,9
7106,2
7107,8
7108,8
7109,9
7110,6
7111,8
7112,6
7113,13
7114,0
7115,12
7116,0
7117,5
7118,8
7119,0
7120,8
7121,6
7122,6
7123,8
7124,6
7125,0
7126,9
7127,6
7128,9
7129,9
7130,7
7131,9
7132,9
7133,0
7134,32
7135,9
7136,0
7137,6
7138,6
7139,14
7140,9
7141,5
7142,16
7143,6
7144,5
7145,9
7146,3
7147,9
7148,4
7149,2
7150,2
7151,9
7152,12
7153,4
7154,6
7155,16
7156,0
7157,9
7158,32
7159,6
7160,2
7161,5
7162,9
7163,12
7164,6
7165,7
7166,11
7167,6
7168,7
7169,5
7170,9
7171,15
7172,9
7173,8
7174,4
7175,4
7176,8
7177,0
7178,9
7179,2
7180,9
7181,32
7182,8
7183,9
7184,32
7185,0
7186,2
7187,12
7188,6
7189,0
7190,6
7191,12
7192,18
7193,12
7194,9
7195,5
7196,2
7197,9
7198,12
7199,14
7200,9
7201,7
7202,8
7203,5
7204,8
7205,12
7206,8
7207,32
7208,9
7209,6
7210,12
7211,4
7212,6
7213,0
7214,9
7215,16
7216,2
7217,8
7218,0
7219,4
7220,6
7221,9
7222,6
7223,9
7224,9
7225,9
7226,8
7227,9
7228,0
7229,8
7230,24
7231,6
7232,2
7233,8
7234,9
7235,0
7236,6
7237,15
7238,12
7239,0
7240,24
7241,5
7242,5
7243,16
7244,9
7245,7
7246,6
7247,14
7248,0
7249,9
7250,6
7251,9
7252,5
7253,9
7254,0
7255,16
7256,0
7257,4
7258,9
7259,24
7260,8
7261,8
7262,5
7263,4
7264,9
7265,5
7266,9
7267,9
7268,0
7269,16
7270,8
7271,0
7272,12
7273,0
7274,9
7275,9
7276,16
7277,6
7278,5
7279,14
7280,36
7281,7
7282,8
7283,9
7284,14
7285,0
7286,5
7287,24
7288,4
7289,8
7290,8
7291,0
7292,48
7293,8
7294,5
7295,9
7296,5
7297,5
7298,5
7299,9
7300,6
7301,6
7302,6
7303,14
7304,9
7305,5
7306,2
7307,11
7308,6
7309,12
7310,4
7311,6
7312,0
7313,8
7314,12
7315,6
7316,6
7317,9
7318,6
7319,9
7320,8
7321,6
7322,6
7323,8
7324,9
7325,0
7326,15
7327,6
7328,9
7329,6
7330,3
7331,6
7332,5
7333,9
7334,5
7335,2
7336,0
7337,24
7338,6
7339,10
7340,4
7341,5
7342,8
7343,12
7344,0
7345,9
7346,7
7347,8
7348,8
7349,3
7350,6
7351,0
7352,16
7353,6
7354,9
7355,3
7356,6
7357,9
7358,2
7359,4
7360,15
7361,5
7362,8
7363,9
7364,14
7365,12
7366,8
7367,16
7368,6
7369,16
7370,9
7371,5
7372,12
7373,12
7374,6
7375,16
7376,6
7377,21
7378,0
7379,6
7380,5
7381,8
7382,5
7383,45
7384,8
7385,6
7386,0
7387,4
7388,9
7389,12
7390,9
7391,6
7392,13
7393,24
7394,0
7395,6
7396,9
7397,6
7398,9
7399,6
7400,0
7401,21
7402,6
7403,16
7404,5
7405,11
7406,9
7407,6
7408,8
7409,6
7410,9
7411,36
7412,2
7413,4
7414,14
7415,2
7416,6
7417,6
7418,5
7419,24
7420,4
7421,15
7422,14
7423,6
7424,9
7425,4
7426,9
7427,15
7428,10
7429,0
7430,9
7431,0
7432,8
7433,9
7434,9
7435,0
7436,12
7437,12
7438,8
7439,7
7440,2
7441,9
7442,9
7443,9
7444,6
7445,32
7446,8
7447,24
7448,6
7449,24
7450,8
7451,3
7452,0
7453,0
7454,6
7455,6
7456,7
7457,9
7458,13
7459,2
7460,6
7461,7
7462,4
7463,9
7464,2
7465,8
7466,2
7467,8
7468,32
7469,9
7470,9
7471,6
7472,2
7473,6
7474,0
7475,6
7476,9
7477,14
7478,5
7479,12
7480,6
7481,18
7482,4
7483,2
7484,8
7485,6
7486,0
7487,14
7488,9
7489,5
7490,9
7491,32
7492,14
7493,15
7494,9
7495,0
7496,12
7497,6
7498,15
7499,15
7500,9
7501,10
7502,3
7503,64
7504,9
7505,6
7506,9
7507,36
7508,8
7509,5
7510,6
7511,14
7512,8
7513,0
7514,9
7515,6
7516,14
7517,5
7518,6
7519,6
7520,2
7521,24
7522,8
7523,3
7524,0
7525,14
7526,6
7527,9
7528,2
7529,6
7530,4
7531,6
7532,6
7533,8
7534,4
7535,8
7536,12
7537,5
7538,4
7539,9
7540,6
7541,6
7542,6
7543,6
7544,6
7545,9
7546,48
7547,0
7548,5
7549,8
7550,8
7551,3
7552,32
7553,3
7554,8
7555,12
7556,0
7557,10
7558,6
7559,32
7560,8
7561,6
7562,0
7563,5
7564,9
7565,9
7566,9
7567,8
7568,9
7569,0
7570,12
7571,14
7572,6
7573,9
7574,9
7575,7
7576,6
7577,6
7578,8
7579,7
7580,6
7581,6
7582,9
7583,24
7584,4
7585,5
7586,10
7587,1
7588,9
7589,6
7590,16
7591,13
7592,12
7593,14
7594,6
7595,0
7596,45
7597,3
7598,8
7599,9
7600,7
7601,8
7602,0
7603,8
7604,0
7605,9
7606,9
7607,8
7608,8
7609,0
7610,5
7611,9
7612,4
7613,5
7614,9
7615,9
7616,8
7617,6
7618,6
7619,8
7620,14
7621,15
7622,2
7623,16
7624,12
7625,12
7626,9
7627,8
7628,9
7629,12
7630,14
7631,0
7632,0
7633,18
7634,7
7635,6
7636,15
7637,9
7638,6
7639,12
7640,6
7641,14
7642,0
7643,8
7644,8
7645,0
7646,2
7647,6
7648,6
7649,0
7650,6
7651,9
7652,4
7653,0
7654,9
7655,6
7656,7
7657,9
7658,18
7659,0
7660,32
7661,1
7662,5
7663,5
7664,8
7665,0
7666,8
7667,8
7668,3
7669,36
7670,6
7671,0
7672,2
7673,8
7674,6
7675,9
7676,2
7677,4
7678,9
7679,7
7680,0
7681,0
7682,8
7683,9
7684,12
7685,15
7686,2
7687,0
7688,24
7689,12
7690,16
7691,10
7692,6
7693,9
7694,6
7695,8
7696,6
7697,6
7698,6
7699,4
7700,6
7701,6
7702,5
7703,9
7704,18
7705,16
7706,14
7707,14
7708,0
7709,9
7710,15
7711,0
7712,5
7713,12
7714,12
7715,7
7716,16
7717,6
7718,8
7719,16
7720,2
7721,4
7722,9
7723,6
7724,7
7725,6
7726,9
7727,0
7728,8
7729,4
7730,8
7731,4
7732,15
7733,0
7734,15
7735,0
7736,2
7737,8
7738,6
7739,12
7740,9
7741,12
7742,4
7743,8
7744,9
7745,0
7746,9
7747,8
7748,9
7749,6
7750,6
7751,4
7752,9
7753,9
7754,9
7755,6
7756,12
7757,6
7758,32
7759,5
7760,9
7761,6
7762,6
7763,9
7764,4
7765,8
7766,9
7767,5
7768,32
7769,6
7770,0
7771,5
7772,6
7773,8
7774,0
7775,6
7776,12
7777,6
7778,4
7779,6
7780,8
7781,6
7782,0
7783,12
7784,9
7785,9
7786,9
7787,0
7788,4
7789,9
7790,18
7791,6
7792,6
7793,4
7794,4
7795,9
7796,36
7797,16
7798,6
7799,14
7800,8
7801,8
7802,10
7803,4
7804,9
7805,8
7806,0
7807,14
7808,0
7809,0
7810,9
7811,6
7812,9
7813,12
7814,9
7815,6
7816,4
7817,5
7818,9
7819,5
7820,18
7821,6
7822,11
7823,0
7824,10
7825,8
7826,5
7827,9
7828,8
7829,4
7830,5
7831,9
7832,4
7833,24
7834,6
7835,9
7836,6
7837,3
7838,9
7839,6
7840,9
7841,18
7842,6
7843,9
7844,6
7845,9
7846,24
7847,8
7848,6
7849,8
7850,7
7851,6
7852,6
7853,7
7854,16
7855,6
7856,32
7857,0
7858,9
7859,6
7860,5
7861,2
7862,9
7863,0
7864,2
7865,5
7866,6
7867,8
7868,8
7869,9
7870,6
7871,9
7872,6
7873,9
7874,9
7875,12
7876,16
7877,11
7878,32
7879,0
7880,6
7881,6
7882,6
7883,9
7884,6
7885,9
7886,1
7887,2
7888,0
7889,8
7890,8
7891,6
7892,0
7893,6
7894,9
7895,0
7896,8
7897,6
7898,0
7899,14
7900,16
7901,6
7902,7
7903,6
7904,12
7905,16
7906,6
7907,32
7908,12
7909,18
7910,14
7911,8
7912,7
7913,6
7914,9
7915,12
7916,12
7917,16
7918,0
7919,8
7920,8
7921,6
7922,14
7923,9
7924,6
7925,0
7926,24
7927,16
7928,6
7929,9
7930,10
7931,2
7932,5
7933,14
7934,9
7935,9
7936,9
7937,12
7938,9
7939,32
7940,8
7941,0
7942,8
7943,8
7944,15
7945,12
7946,9
7947,9
7948,4
7949,6
7950,5
7951,8
7952,15
7953,0
7954,6
7955,6
7956,4
7957,8
7958,6
7959,0
7960,8
7961,14
7962,6
7963,0
7964,8
7965,9
7966,6
7967,9
7968,9
7969,8
7970,0
7971,9
7972,6
7973,6
7974,6
7975,32
7976,6
7977,63
7978,5
7979,0
7980,12
7981,0
7982,6
7983,4
7984,11
7985,14
7986,9
7987,8
7988,8
7989,8
7990,8
7991,6
7992,9
7993,2
7994,12
7995,6
7996,6
7997,8
7998,16
7999,8
8000,9
8001,0
8002,6
8003,9
8004,2
8005,7
8006,6
8007,8
8008,14
8009,32
8010,12
8011,9
8012,5
8013,6
8014,6
8015,0
8016,9
8017,6
8018,2
8019,9
8020,16
8021,6
8022,6
8023,9
8024,16
8025,9
8026,13
8027,0
8028,0
8029,5
8030,8
8031,9
8032,2
8033,5
8034,16
8035,9
8036,8
8037,0
8038,3
8039,9
8040,9
8041,2
8042,6
8043,5
8044,8
8045,6
8046,8
8047,8
8048,9
8049,6
8050,9
8051,5
8052,9
8053,9
8054,32
8055,9
8056,0
8057,6
8058,16
8059,9
8060,14
8061,13
8062,0
8063,8
8064,18
8065,0
8066,9
8067,12
8068,4
8069,0
8070,24
8071,3
8072,0
8073,0
8074,4
8075,9
8076,0
8077,6
8078,5
8079,8
8080,18
8081,18
8082,6
8083,9
8084,9
8085,6
8086,18
8087,5
8088,8
8089,9
8090,6
8091,6
8092,5
8093,9
8094,8
8095,9
8096,6
8097,12
8098,24
8099,6
8100,9
8101,0
8102,5
8103,2
8104,9
8105,9
8106,9
8107,9
8108,18
8109,2
8110,8
8111,7
8112,6
8113,8
8114,6
8115,9
8116,10
8117,10
8118,0
8119,9
8120,6
8121,7
8122,12
8123,24
8124,6
8125,32
8126,12
8127,5
8128,10
8129,8
8130,16
8131,9
8132,9
8133,8
8134,0
8135,9
8136,6
8137,6
8138,9
8139,6
8140,32
8141,8
8142,9
8143,9
8144,10
8145,9
8146,0
8147,4
8148,8
8149,32
8150,2
8151,2
8152,8
8153,2
8154,4
8155,9
8156,32
8157,9
8158,8
8159,9
8160,8
8161,5
8162,8
8163,9
8164,0
8165,13
8166,6
8167,5
8168,10
8169,9
8170,6
8171,9
8172,6
8173,5
8174,12
8175,18
8176,6
8177,9
8178,5
8179,9
8180,11
8181,3
8182,9
8183,8
8184,7
8185,4
8186,3
8187,6
8188,6
8189,32
8190,4
8191,9
8192,9
8193,3
8194,3
8195,9
8196,9
8197,5
8198,2
8199,9
8200,0
8201,9
8202,0
8203,0
8204,5
8205,12
8206,6
8207,0
8208,6
8209,12
8210,0
8211,8
8212,6
8213,6
8214,6
8215,8
8216,2
8217,12
8218,9
8219,24
8220,4
8221,9
8222,6
8223,6
8224,9
8225,12
8226,9
8227,0
8228,15
8229,9
8230,9
8231,8
8232,0
8233,6
8234,6
8235,0
8236,12
8237,0
8238,0
8239,4
8240,8
8241,8
8242,2
8243,0
8244,5
8245,8
8246,8
8247,9
8248,2
8249,6
8250,7
8251,8
8252,14
8253,3
8254,5
8255,6
8256,9
8257,6
8258,32
8259,0
8260,9
8261,5
8262,6
8263,8
8264,4
8265,9
8266,9
8267,6
8268,6
8269,6
8270,9
8271,2
8272,0
8273,5
8274,12
8275,6
8276,7
8277,3
8278,12
8279,18
8280,12
8281,12
8282,5
8283,7
8284,6
8285,6
8286,6
8287,0
8288,13
8289,0
8290,8
8291,24
8292,18
8293,2
8294,7
8295,8
8296,8
8297,32
8298,6
8299,4
8300,0
8301,10
8302,6
8303,9
8304,7
8305,63
8306,8
8307,9
8308,9
8309,24
8310,9
8311,6
8312,6
8313,9
8314,9
8315,18
8316,6
8317,8
8318,6
8319,12
8320,6
8321,9
8322,6
8323,9
8324,8
8325,3
8326,6
8327,6
8328,6
8329,18
8330,8
8331,18
8332,4
8333,12
8334,8
8335,2
8336,2
8337,10
8338,5
8339,12
8340,6
8341,9
8342,8
8343,15
8344,16
8345,9
8346,9
8347,8
8348,16
8349,10
8350,16
8351,16
8352,9
8353,12
8354,0
8355,5
8356,5
8357,13
8358,3
8359,8
8360,0
8361,12
8362,6
8363,16
8364,6
8365,16
8366,8
8367,10
8368,5
8369,9
8370,9
8371,16
8372,32
8373,9
8374,24
8375,6
8376,4
8377,9
8378,9
8379,12
8380,4
8381,6
8382,3
8383,6
8384,8
8385,6
8386,9
8387,9
8388,6
8389,9
8390,9
8391,6
8392,11
8393,8
8394,9
8395,16
8396,8
8397,9
8398,12
8399,9
8400,9
8401,9
8402,6
8403,0
8404,6
8405,2
8406,6
8407,5
8408,6
8409,13
8410,4
8411,9
8412,14
8413,9
8414,18
8415,8
8416,9
8417,9
8418,16
8419,10
8420,0
8421,9
8422,12
8423,8
8424,4
8425,9
8426,5
8427,6
8428,8
8429,8
8430,12
8431,9
8432,7
8433,18
8434,16
8435,6
8436,8
8437,6
8438,18
8439,12
8440,3
8441,9
8442,7
8443,9
8444,6
8445,12
8446,0
8447,6
8448,8
8449,9
8450,2
8451,6
8452,8
8453,9
8454,12
8455,4
8456,8
8457,6
8458,5
8459,6
8460,12
8461,4
8462,14
8463,2
8464,0
8465,6
8466,5
8467,45
8468,15
8469,2
8470,0
8471,9
8472,9
8473,8
8474,9
8475,7
8476,0
8477,0
8478,8
8479,4
8480,16
8481,4
8482,15
8483,16
8484,24
8485,9
8486,3
8487,9
8488,5
8489,9
8490,6
8491,6
8492,9
8493,32
8494,8
8495,12
8496,12
8497,6
8498,6
8499,2
8500,12
8501,3
8502,32
8503,0
8504,8
8505,8
8506,12
8507,4
8508,8
8509,9
8510,6
8511,12
8512,8
8513,12
8514,3
8515,6
8516,32
8517,2
8518,5
8519,10
8520,9
8521,11
8522,8
8523,8
8524,9
8525,2
8526,7
8527,8
8528,5
8529,8
8530,7
8531,0
8532,2
8533,4
8534,9
8535,6
8536,8
8537,0
8538,9
8539,13
8540,0
8541,12
8542,5
8543,6
8544,48
8545,32
8546,9
8547,6
8548,5
8549,8
8550,6
8551,2
8552,6
8553,5
8554,0
8555,16
8556,3
8557,12
8558,6
8559,6
8560,6
8561,0
8562,10
8563,2
8564,12
8565,6
8566,2
8567,0
8568,9
8569,32
8570,6
8571,8
8572,6
8573,6
8574,0
8575,2
8576,12
8577,6
8578,8
8579,6
8580,9
8581,9
8582,12
8583,5
8584,0
8585,9
8586,45
8587,12
8588,5
8589,6
8590,0
8591,6
8592,12
8593,32
8594,13
8595,9
8596,6
8597,32
8598,9
8599,6
8600,6
8601,12
8602,10
8603,9
8604,9
8605,8
8606,6
8607,9
8608,24
8609,6
8610,6
8611,6
8612,5
8613,7
8614,8
8615,14
8616,0
8617,8
8618,8
8619,4
8620,2
8621,5
8622,14
8623,6
8624,5
8625,16
8626,10
8627,9
8628,4
8629,9
8630,6
8631,7
8632,14
8633,12
8634,14
8635,4
8636,9
8637,9
8638,4
8639,14
8640,8
8641,6
8642,7
8643,24
8644,0
8645,12
8646,2
8647,9
8648,6
8649,6
8650,9
8651,32
8652,0
8653,4
8654,4
8655,12
8656,6
8657,4
8658,6
8659,6
8660,8
8661,0
8662,6
8663,9
8664,6
8665,0
8666,9
8667,9
8668,6
8669,6
8670,9
8671,6
8672,0
8673,32
8674,6
8675,14
8676,9
8677,12
8678,4
8679,9
8680,5
8681,2
8682,9
8683,0
8684,6
8685,18
8686,3
8687,12
8688,9
8689,9
8690,8
8691,9
8692,8
8693,6
8694,4
8695,6
8696,5
8697,12
8698,6
8699,9
8700,9
8701,10
8702,6
8703,8
8704,9
8705,8
8706,6
8707,0
8708,8
8709,12
8710,5
8711,13
8712,6
8713,6
8714,0
8715,9
8716,9
8717,9
8718,16
8719,4
8720,0
8721,6
8722,12
8723,9
8724,5
8725,10
8726,0
8727,6
8728,6
8729,0
8730,8
8731,4
8732,8
8733,15
8734,6
8735,3
8736,3
8737,14
8738,9
8739,9
8740,8
8741,4
8742,14
8743,9
8744,5
8745,12
8746,12
8747,6
8748,12
8749,6
8750,6
8751,8
8752,8
8753,6
8754,6
8755,8
8756,12
8757,9
8758,8
8759,2
8760,24
8761,8
8762,9
8763,5
8764,7
8765,6
8766,12
8767,6
8768,0
8769,6
8770,24
8771,16
8772,0
8773,8
8774,9
8775,5
8776,24
8777,9
8778,7
8779,7
8780,9
8781,24
8782,32
8783,6
8784,12
8785,5
8786,6
8787,0
8788,12
8789,12
8790,32
8791,5
8792,6
8793,9
8794,9
8795,0
8796,32
8797,35
8798,6
8799,7
8800,8
8801,6
8802,16
8803,8
8804,0
8805,16
8806,8
8807,48
8808,8
8809,6
8810,9
8811,9
8812,9
8813,0
8814,15
8815,6
8816,6
8817,6
8818,8
8819,6
8820,14
8821,3
8822,6
8823,7
8824,5
8825,9
8826,8
8827,6
8828,8
8829,5
8830,6
8831,11
8832,5
8833,12
8834,9
8835,9
8836,9
8837,12
8838,6
8839,9
8840,12
8841,0
8842,6
8843,9
8844,5
8845,7
8846,6
8847,8
8848,9
8849,24
8850,6
8851,9
8852,6
8853,9
8854,18
8855,32
8856,4
8857,63
8858,4
8859,0
8860,9
8861,8
8862,8
8863,0
8864,6
8865,12
8866,0
8867,12
8868,8
8869,8
8870,6
8871,6
8872,6
8873,8
8874,10
8875,8
8876,17
8877,14
8878,3
8879,0
8880,6
8881,12
8882,3
8883,6
8884,24
8885,6
8886,12
8887,8
8888,9
8889,14
8890,6
8891,12
8892,5
8893,9
8894,15
8895,2
8896,8
8897,12
8898,0
8899,6
8900,9
8901,7
8902,9
8903,16
8904,4
8905,8
8906,14
8907,6
8908,8
8909,10
8910,0
8911,9
8912,6
8913,4
8914,0
8915,9
8916,4
8917,9
8918,0
8919,2
8920,0
8921,4
8922,12
8923,45
8924,6
8925,6
8926,6
8927,5
8928,1
8929,16
8930,7
8931,5
8932,9
8933,6
8934,9
8935,8
8936,4
8937,0
8938,6
8939,16
8940,6
8941,8
8942,32
8943,6
8944,7
8945,12
8946,12
8947,6
8948,32
8949,6
8950,8
8951,6
8952,9
8953,14
8954,5
8955,16
8956,24
8957,6
8958,14
8959,7
8960,0
8961,12
8962,6
8963,9
8964,6
8965,0
8966,8
8967,12
8968,6
8969,9
8970,32
8971,0
8972,6
8973,10
8974,9
8975,6
8976,12
8977,8
8978,0
8979,0
8980,8
8981,0
8982,9
8983,6
8984,0
8985,12
8986,32
8987,4
8988,8
8989,9
8990,0
8991,9
8992,0
8993,32
8994,8
8995,0
8996,7
8997,8
8998,6
8999,0
9000,9
9001,6
9002,5
9003,9
9004,6
9005,9
9006,16
9007,12
9008,12
9009,8
9010,9
9011,9
9012,4
9013,12
9014,9
9015,16
9016,9
9017,10
9018,0
9019,6
9020,9
9021,9
9022,6
9023,2
9024,9
9025,6
9026,0
9027,9
9028,0
9029,6
9030,6
9031,9
9032,9
9033,16
9034,16
9035,6
9036,32
9037,0
9038,14
9039,4
9040,8
9041,0
9042,9
9043,7
9044,6
9045,6
9046,8
9047,12
9048,9
9049,9
9050,16
9051,4
9052,9
9053,6
9054,9
9055,18
9056,0
9057,24
9058,10
9059,9
9060,5
9061,0
9062,7
9063,9
9064,16
9065,16
9066,9
9067,16
9068,24
9069,0
9070,10
9071,6
9072,4
9073,32
9074,9
9075,4
9076,6
9077,2
9078,16
9079,8
9080,9
9081,15
9082,16
9083,16
9084,10
9085,6
9086,0
9087,6
9088,9
9089,63
9090,9
9091,9
9092,12
9093,0
9094,18
9095,7
9096,12
9097,6
9098,16
9099,6
9100,10
9101,8
9102,9
9103,5
9104,18
9105,5
9106,12
9107,9
9108,9
9109,9
9110,6
9111,6
9112,9
9113,0
9114,16
9115,14
9116,12
9117,9
9118,8
9119,6
9120,13
9121,0
9122,9
9123,9
9124,10
9125,0
9126,8
9127,0
9128,32
9129,0
9130,9
9131,9
9132,0
9133,6
9134,9
9135,12
9136,9
9137,12
9138,8
9139,16
9140,3
9141,0
9142,9
9143,8
9144,9
9145,9
9146,6
9147,8
9148,9
9149,8
9150,6
9151,6
9152,6
9153,12
9154,32
9155,9
9156,0
9157,24
9158,9
9159,10
9160,10
9161,63
9162,13
9163,8
9164,48
9165,8
9166,8
9167,6
9168,4
9169,8
9170,5
9171,2
9172,10
9173,7
9174,6
9175,11
9176,0
9177,6
9178,6
9179,6
9180,6
9181,8
9182,8
9183,9
9184,17
9185,8
9186,8
9187,6
9188,15
9189,5
9190,9
9191,9
9192,0
9193,8
9194,3
9195,8
9196,11
9197,7
9198,6
9199,7
9200,5
9201,0
9202,4
9203,9
9204,7
9205,9
9206,6
9207,4
9208,4
9209,6
9210,9
9211,0
9212,3
9213,16
9214,9
9215,4
9216,32
9217,2
9218,8
9219,6
9220,6
9221,6
9222,6
9223,9
9224,12
9225,3
9226,8
9227,6
9228,18
9229,10
9230,8
9231,8
9232,0
9233,6
9234,12
9235,16
9236,0
9237,9
9238,0
9239,6
9240,0
9241,8
9242,6
9243,15
9244,0
9245,12
9246,6
9247,0
9248,6
9249,14
9250,6
9251,8
9252,6
9253,9
9254,3
9255,9
9256,9
9257,5
9258,6
9259,16
9260,12
9261,4
9262,6
9263,6
9264,8
9265,5
9266,15
9267,12
9268,36
9269,8
9270,7
9271,32
9272,16
9273,7
9274,4
9275,6
9276,12
9277,0
9278,9
9279,9
9280,6
9281,6
9282,0
9283,5
9284,32
9285,6
9286,9
9287,10
9288,6
9289,8
9290,32
9291,12
9292,6
9293,5
9294,6
9295,12
9296,0
9297,0
9298,5
9299,6
9300,6
9301,6
9302,5
9303,15
9304,6
9305,9
9306,6
9307,5
9308,5
9309,8
9310,9
9311,8
9312,32
9313,9
9314,9
9315,45
9316,10
9317,15
9318,6
9319,2
9320,8
9321,6
9322,16
9323,9
9324,6
9325,9
9326,8
9327,0
9328,9
9329,4
9330,6
9331,9
9332,5
9333,6
9334,14
9335,8
9336,0
9337,0
9338,0
9339,0
9340,3
9341,6
9342,6
9343,32
9344,10
9345,0
9346,3
9347,12
9348,6
9349,9
9350,6
9351,6
9352,6
9353,6
9354,63
9355,15
9356,5
9357,5
9358,9
9359,6
9360,6
9361,8
9362,7
9363,16
9364,2
9365,2
9366,12
9367,14
9368,18
9369,24
9370,3
9371,4
9372,6
9373,6
9374,9
9375,0
9376,6
9377,12
9378,9
9379,9
9380,0
9381,8
9382,9
9383,6
9384,6
9385,6
9386,2
9387,6
9388,45
9389,6
9390,14
9391,32
9392,3
9393,9
9394,8
9395,9
9396,7
9397,3
9398,9
9399,16
9400,9
9401,6
9402,32
9403,10
9404,9
9405,7
9406,9
9407,12
9408,24
9409,8
9410,4
9411,8
9412,9
9413,0
9414,36
9415,3
9416,8
9417,9
9418,15
9419,0
9420,2
9421,6
9422,6
9423,9
9424,4
9425,1
9426,9
9427,8
9428,3
9429,7
9430,0
9431,13
9432,6
9433,6
9434,16
9435,63
9436,6
9437,0
9438,16
9439,6
9440,6
9441,10
9442,4
9443,8
9444,14
9445,12
9446,8
9447,4
9448,12
9449,8
9450,4
9451,6
9452,9
9453,9
9454,6
9455,9
9456,5
9457,8
9458,2
9459,9
9460,8
9461,14
9462,0
9463,16
9464,16
9465,9
9466,2
9467,8
9468,0
9469,6
9470,9
9471,63
9472,7
9473,4
9474,10
9475,32
9476,6
9477,8
9478,8
9479,12
9480,5
9481,9
9482,2
9483,2
9484,4
9485,9
9486,24
9487,9
9488,8
9489,12
9490,9
9491,7
9492,14
9493,6
9494,4
9495,6
9496,18
9497,0
9498,4
9499,9
9500,2
9501,4
9502,4
9503,9
9504,12
9505,9
9506,4
9507,6
9508,8
9509,6
9510,6
9511,5
9512,9
9513,0
9514,9
9515,42
9516,2
9517,2
9518,5
9519,6
9520,4
9521,3
9522,0
9523,9
9524,9
9525,10
9526,1
9527,10
9528,6
9529,0
9530,6
9531,9
9532,0
9533,9
9534,9
9535,6
9536,9
9537,9
9538,16
9539,7
9540,0
9541,2
9542,5
9543,6
9544,6
9545,0
9546,9
9547,24
9548,8
9549,8
9550,5
9551,0
9552,6
9553,2
9554,9
9555,6
9556,13
9557,13
9558,9
9559,6
9560,32
9561,8
9562,24
9563,8
9564,6
9565,0
9566,2
9567,9
9568,6
9569,9
9570,6
9571,9
9572,0
9573,0
9574,9
9575,4
9576,20
9577,4
9578,3
9579,6
9580,3
9581,5
9582,3
9583,3
9584,9
9585,9
9586,16
9587,6
9588,8
9589,9
9590,4
9591,9
9592,0
9593,12
9594,9
9595,9
9596,6
9597,6
9598,16
9599,0
9600,10
9601,0
9602,10
9603,8
9604,16
9605,6
9606,6
9607,10
9608,9
9609,0
9610,14
9611,10
9612,8
9613,10
9614,16
9615,16
9616,16
9617,6
9618,8
9619,4
9620,4
9621,4
9622,8
9623,3
9624,7
9625,6
9626,0
9627,8
9628,7
9629,6
9630,48
9631,0
9632,9
9633,0
9634,6
9635,32
9636,1
9637,6
9638,6
9639,15
9640,0
9641,8
9642,16
9643,9
9644,9
9645,18
9646,12
9647,6
9648,9
9649,0
9650,5
9651,32
9652,8
9653,5
9654,5
9655,63
9656,18
9657,21
9658,6
9659,5
9660,13
9661,0
9662,8
9663,9
9664,9
9665,18
9666,7
9667,8
9668,15
9669,0
9670,4
9671,10
9672,6
9673,32
9674,9
9675,6
9676,8
9677,9
9678,18
9679,8
9680,6
9681,9
9682,7
9683,9
9684,2
9685,12
9686,6
9687,12
9688,6
9689,5
9690,6
9691,16
9692,12
9693,8
9694,6
9695,9
9696,9
9697,0
9698,6
9699,5
9700,8
9701,9
9702,9
9703,4
9704,0
9705,6
9706,8
9707,36
9708,9
9709,0
9710,18
9711,9
9712,4
9713,16
9714,5
9715,0
9716,2
9717,9
9718,16
9719,8
9720,4
9721,14
9722,6
9723,10
9724,9
9725,9
9726,7
9727,0
9728,12
9729,6
9730,6
9731,2
9732,2
9733,14
9734,8
9735,3
9736,4
9737,5
9738,21
9739,8
9740,9
9741,0
9742,8
9743,32
9744,6
9745,8
9746,6
9747,6
9748,6
9749,0
9750,6
9751,6
9752,9
9753,6
9754,6
9755,8
9756,9
9757,6
9758,4
9759,32
9760,6
9761,5
9762,0
9763,9
9764,0
9765,8
9766,16
9767,6
9768,9
9769,6
9770,12
9771,4
9772,0
9773,6
9774,0
9775,8
9776,8
9777,6
9778,16
9779,6
9780,5
9781,5
9782,0
9783,0
9784,12
9785,8
9786,9
9787,9
9788,12
9789,6
9790,9
9791,9
9792,16
9793,6
9794,17
9795,5
9796,4
9797,9
9798,9
9799,0
9800,8
9801,18
9802,5
9803,6
9804,0
9805,6
9806,8
9807,6
9808,8
9809,6
9810,45
9811,9
9812,6
9813,8
9814,6
9815,3
9816,6
9817,16
9818,7
9819,8
9820,5
9821,6
9822,3
9823,6
9824,9
9825,0
9826,7
9827,8
9828,9
9829,72
9830,7
9831,0
9832,9
9833,16
9834,4
9835,6
9836,0
9837,12
9838,6
9839,12
9840,9
9841,14
9842,6
9843,0
9844,9
9845,6
9846,7
9847,11
9848,5
9849,0
9850,9
9851,6
9852,8
9853,6
9854,0
9855,12
9856,0
9857,4
9858,6
9859,9
9860,8
9861,9
9862,6
9863,9
9864,8
9865,8
9866,0
9867,9
9868,15
9869,8
9870,7
9871,0
9872,12
9873,11
9874,6
9875,6
9876,3
9877,10
9878,9
9879,0
9880,9
9881,5
9882,14
9883,6
9884,0
9885,4
9886,0
9887,14
9888,6
9889,5
9890,7
9891,14
9892,6
9893,9
9894,6
9895,10
9896,5
9897,32
9898,10
9899,4
9900,8
9901,6
9902,2
9903,9
9904,8
9905,6
9906,9
9907,9
9908,8
9909,7
9910,9
9911,12
9912,5
9913,8
9914,6
9915,12
9916,6
9917,6
9918,7
9919,5
9920,8
9921,8
9922,5
9923,16
9924,8
9925,9
9926,24
9927,8
9928,6
9929,0
9930,6
9931,0
9932,12
9933,3
9934,0
9935,2
9936,0
9937,8
9938,6
9939,7
9940,5
9941,9
9942,24
9943,36
9944,6
9945,0
9946,14
9947,48
9948,8
9949,3
9950,9
9951,6
9952,18
9953,8
9954,9
9955,6
9956,4
9957,12
9958,3
9959,0
9960,6
9961,5
9962,9
9963,5
9964,5
9965,4
9966,9
9967,6
9968,6
9969,3
9970,9
9971,0
9972,14
9973,9
9974,0
9975,0
9976,3
9977,8
9978,9
9979,7
9980,9
9981,8
9982,3
9983,8
9984,9
9985,9
9986,14
9987,6
9988,5
9989,18
9990,9
9991,15
9992,4
9993,9
9994,32
9995,0
9996,6
9997,4
9998,9
9999,8
10000,0
